listing_id,photo_query
a952b715-e955-4b90-b084-76606e06168c,bookshelf shelving unit
c8dbd23c-3889-4464-8a6e-07e37ce82210,road bicycle
2274e184-e761-4463-ac5d-cf47da33c277,mechanical keyboard
dc143252-7226-4016-ba24-b1dde2fca9f9,e-reader ebook
f56a704c-5705-4e1e-92e5-20be0e61d82b,ski jacket poles
bdf18863-c38b-49b9-a29a-8525d55e6df3,standing floor fan
9e8ea95e-c080-4bfe-862d-dcaae6051c60,winter boots
e2248c6b-72a7-44a6-a18d-d28e0543debe,chest of drawers dresser
616b516d-4075-42f6-82eb-2cbbe49566cf,small dining table
9396657e-443a-4190-a8ad-4c2449ed5cf7,laptop computer
f0951fa0-04fb-4abb-8aa2-42248467ee46,tablet device
3965cc3b-bde9-4769-8530-9bad826507cd,small dining table
c1a1dbb4-31aa-4995-9f85-85f1c622daf7,chest of drawers dresser
12b44479-860f-40b1-9bed-6da8502ddad6,wooden dining chairs
b9e1cdae-13f6-4213-8894-bb79d35d23c6,pile of books study
edebdbbc-c908-4e82-8a75-531788257ae3,small dining table
6dc97872-dc25-4114-a162-6a5236efca6d,yoga mat
9a5db7f4-f2e3-46e4-b8a7-20dd5bd9f1d5,clothes rack hangers
3a97e965-5544-4579-b3f8-449e4f4288cb,bike helmet lock
d26e5ca3-f960-4446-8c88-63abe572515e,mens suit
080a318e-ac1f-40b3-b379-7e32332d5c38,over ear headphones
e23e1b1e-4b0a-4e2a-8f21-8429aa3ed420,weight bench gym
55a4bba1-70b9-4171-95d3-5eeed79f9f9a,small writing desk
9ff658f7-4247-427d-8874-6c2775c82e69,usb cables charger
68ae6b58-3b62-40ca-8193-2d885066cf90,computer monitor desk
c264cff0-4086-41ec-9d6c-a768b83b4342,laptop computer
22ff3bf7-cb25-4648-b29e-ae0403c1511d,air purifier
16b6dcc0-a2fd-4574-b321-1acdc6e63e1e,computer monitor desk
34556ba1-6f49-402d-a87d-f41be52f98ae,black desk chair
c13e74fb-223c-4ff2-b698-732b92c3ea47,stack of textbooks
ff7cb602-ba0a-4d9f-9ebb-56372c595818,winter boots
f55b2a6e-ebfa-4695-b522-729fc8bb82b5,mattress bed frame
f1f299a8-94c2-4971-8d32-eefbd70496e3,air purifier
58f1ff8d-6d9a-4932-971e-0b02dcf4b147,pile of books study
45ce048c-a2a2-43c1-8050-7a21bbb00bc8,college textbook
baf97d52-7bc9-4caa-a761-0ce9c8d9d9aa,navy sofa couch
937937f9-03b3-422e-b103-ac8815fafae8,open textbook desk
5038eddd-be96-409c-ab71-47f4d8d2558d,stack of textbooks
f315d986-c3b1-4f85-8e87-b0bbffc0a14e,chest of drawers dresser
4cc2324d-c14b-452e-af2d-3cd8f9cd314d,wool overcoat
a9f5e0f7-2df2-4ea9-86fe-7a39d7fc80b6,e-reader ebook
65d32c35-8bb8-4f3b-beba-ec90d3319c28,beige desk chair
90cd19aa-5285-423a-afed-01ee290ae9ea,mattress bedroom
4a17397e-f126-4099-a032-b406836fc205,grey sofa couch
f4a3f3e1-2935-4940-b2a6-c6388214bf59,cast iron skillet
568ff6a7-f2b6-4032-b8b8-13a6194cd1e2,wooden dining chairs
4f167669-bc1e-4161-9cd7-c8f20a1812d6,wool overcoat
aad7422a-73d9-45d7-85db-19b4df31d5c0,spiral notebook binder
9430e7ea-625c-449a-ba98-5efd0f14d9eb,mens suit
d17a2b60-fde0-4f45-b495-3d2d64bcf097,mattress bed frame
2dc277d6-6968-4855-adc6-3adf5f6b11b7,small dining table
9e09d63f-084c-4a53-9e46-73cf55878e7d,standing floor fan
60d2863e-69e2-4453-a41b-dee0a9e2deb4,shopping trolley cart
826c5d84-3830-4f3c-a9f9-05505be585bb,chest of drawers dresser
4fd32945-efa7-4828-ab03-fe22f8aad53e,small writing desk
41383e52-07a0-4d7f-8d71-c07ac8439446,mattress bed frame
b6c80d64-e4a2-4739-9f4f-ddd7c47db6d6,vacuum cleaner
c8b59a17-191d-4c66-a0b0-9cc8b21d1703,stack of textbooks
20d6d26c-dc58-4c93-95a6-7083b5c29de9,kitchen utensils
dc464101-f7a2-4647-95c3-0292397e7d0f,dinner plates dishes
a04779ce-e575-49c6-b1c6-eb3056cd05c5,yoga mat
73a9cb41-a61e-40b6-9f12-16f380f74177,usb cables charger
5695c0bd-461f-47c2-9e55-11f2e667fe6f,mechanical keyboard
1fe784bc-6f30-4833-9ae6-4fcb0f296313,espresso coffee machine
9ea3c6f7-4487-41ed-a786-3cbcc74116d2,spiral notebook binder
df494339-a0af-4af8-b065-29d7ae47f220,mini fridge
f24de249-4a3a-48b6-a1ed-031d33049871,stack of textbooks
199647d8-0522-41da-b006-85769c6e660f,spiral notebook binder
ddf436c7-d717-4684-a7ea-833a81243af8,mattress bedroom
e6fe2823-7d51-40c1-ad80-81d07a3ae9d6,open textbook desk
4a7763c6-7993-4714-a0b4-d863cc76100e,small dining table
bd450cc0-bb96-4f59-9c04-e5c48a80da5a,chest of drawers dresser
79cc7c97-3981-439d-be4d-7401df48343a,microwave oven
fbd1ca94-7113-41a5-b16b-8bee968143f9,sneakers shoes
1ac72c1c-71db-4f2c-aeef-883a65271620,toaster oven
8502f585-65ac-4dc5-8c66-da8feaed6668,black mesh office chair
901c52ee-2e1d-4112-b6c3-93b29fbf46cb,oak sofa couch
b83f9f81-da46-4c2d-ac15-b39e86360ca8,wooden dining chairs
fa54a884-1931-4725-960c-eccead88c6af,bike helmet lock
bacd5c99-8938-4a40-9561-3725c92c3bed,pile of books study
92772f50-7b81-456f-a119-ffd9d0030781,usb cables charger
1cb1c9c8-6f96-464a-a00a-0fbb3d50f4a3,standing floor fan
9235a477-38e5-45e8-8555-b189c754e348,sneakers shoes
536a82d5-3c92-4ce4-b51e-25caac37316a,pile of books study
47006b5e-305a-469f-849a-b1a6781277bb,winter parka coat
89186ff9-17df-43c2-b3a2-705cedad16ed,chest of drawers dresser
613c7ebf-c120-4a31-8fbb-8b63797812ae,small dining table
84d2d0e1-50dc-4b2c-a0f8-ffc1009b9004,wooden bed frame
5e072d58-0e81-4cfa-a37f-1084791248b7,mattress bedroom
f5a1338b-ae78-4e92-9894-7d666a80bf25,computer monitor desk
676d15af-78a5-4cbf-a6d6-7f21a6fa9ddc,small dining table
da82866d-c129-437e-ba83-f20685b68e84,pile of books study
1e945fc7-b057-4a30-a06e-2a1ba431da5f,laptop computer
6501369d-7539-425b-8d4e-1e3fdf8d65a7,college textbook
da979d72-eb27-4538-9489-c57db8352157,open textbook desk
d0849e5b-57de-4429-8e50-43dcbb398d57,chest of drawers dresser
adff85eb-8186-498e-9880-bef0ee36fddf,mattress bedroom
732a659f-e847-4f48-93a4-2f312275d80e,open textbook desk
e919d7fa-2abb-4e1b-a7d4-eaf8aa8f1d0a,black mesh office chair
6a10f71d-606f-44a3-ab06-dd38c18f0272,cardboard moving boxes
f2719710-3373-4937-a5d9-c1bac43b860d,computer mouse desk
cb72a6a2-d3bc-43f9-9123-4c493783580c,bicycle pump
39a53c88-4526-446a-a50b-5c53f061276a,small dining table
ac17bff0-bac0-47a6-a0bc-49d52d438847,pile of books study
5b85b9e0-4c46-408b-b89f-fbdfc2e46dab,electric scooter
c5bea319-91b1-4055-8f0b-8f1cce28d126,pots and pans cookware
fd5f5cdf-01b7-4dee-8cea-41dbf9c03473,rain jacket
6f537dc2-43aa-4608-a6fb-53896718f4bb,pile of books study
63070180-558c-42be-a80f-e194b2974bc3,clothes rack hangers
eaeb284c-3584-4afc-96a2-3b3a7d688c1a,tablet device
3f103508-aa28-4097-a611-11b708f3d3fb,grey sofa couch
e3fb0ff6-57c3-437a-bad8-53a732512fa0,open textbook desk
19b60f16-85b2-472c-9c3f-fa76cedf140a,college textbook
64f6d65e-ec79-4d7a-aafa-76c4292e53bb,black-brown wooden desk
55fd4535-072d-41f8-b9a8-039502121eab,wooden bed frame
2f83c24b-c750-4c5a-ab63-ef7e57ea7a2c,vacuum cleaner
c5f13697-b641-4be1-8a71-fcad9498da96,birch sofa couch
ecacb53a-cf53-4826-91c0-b2b0d5229b6b,dumbbells weights
35e3ec13-3ffa-485a-b1bf-2f48ed347601,open textbook desk
4b0b5fee-370d-40e4-93be-0de463fea378,e-reader ebook
89a9f00b-3d49-4137-a3d7-3c6722e1353a,dumbbells weights
6215594e-6b03-4b1d-9d11-a61dc66f1c76,tennis racket
d1ccd84a-f24e-44d8-9e1d-ce43fd50e0b3,black mesh office chair
881cdf8e-69a5-4056-9232-c37095d7b881,small dining table
f1ff3455-7d8d-4ba2-9dd1-65bf402afbab,tablet device
87880366-1d76-48f3-8bf0-4a5718a8aced,winter boots
b15f414e-b072-4c01-8050-0b24134630dd,birch desk chair
3189acc2-4c05-4743-a44c-4f6c230ca373,over ear headphones
a7175544-721b-49d1-af9e-23699b6c6261,stack of textbooks
5fe16ef6-878c-411a-a25c-59d2854456a4,stack of textbooks
ebe62fa6-83e1-4c36-83c6-9df29d7d76e4,coffee table living room
fbcf66e1-e2f9-4699-bbac-69707664d18e,kick scooter
c54f3268-aa82-403f-b8bf-53b556c3a8e3,college textbook
18926fdf-513f-4080-8b20-222e51dac131,electric scooter
cffd2ada-edf5-4ce0-8bb0-8cb02f157d13,water filter pitcher
ed1c5872-cefc-4c7e-94d1-7337ca6f8aa8,wooden dining chairs
6177c052-8448-486e-8f08-d0d6f9596efb,wool scarf gloves
b892d3e8-b541-4874-8311-44a91dd09191,road bicycle
00a60d37-e5e6-46a4-afc9-b7dad0f78a03,stack of textbooks
97ea2bdc-34be-4620-9a7f-3023659c6c69,coffee table living room
9945523c-4b2c-432b-b4ec-450441afa016,college textbook
3c883e3e-6555-4a5d-b3ad-e7257ee64bce,road bicycle
73481ad7-de3d-4122-b2e1-9dd132629ab9,bicycle pump
dcae4417-e137-4e86-b331-2c9e92aa6447,pile of books study
7b434a54-8b3f-4bfb-883a-8ce55ea75cea,spiral notebook binder
72340a25-716c-4075-8656-129ec31d5d8e,electric kettle
bce5f912-8da2-478c-b75c-51f3a5696874,stack of textbooks
01a0c0c5-d6c1-4c03-a943-dd87f6438735,college textbook
6f1787d8-f2b4-44ac-90e3-989421accb78,spiral notebook binder
a9e0141c-dbb3-4a36-8571-266730ce145b,coffee table living room
b08780c8-4c19-403f-8120-3cf91aca5e3a,toaster oven
f56ae90e-b7f1-456a-b089-85784c3a592e,hybrid commuter bicycle
a67be7f4-3bae-4d8f-8ab8-f2fab965c3ac,black mesh office chair
b26eacb7-bf1a-4005-9e9c-b38d7e23ea09,cast iron skillet
4222300b-b5f8-4d25-a7f3-8097638b8b79,usb cables charger
d9dbbbf3-df71-40fc-b258-2dfb80ea3d9b,coffee table living room
3b40904a-6886-45ae-bb6e-50b846f4b0ee,mattress bed frame
f990340e-83a8-45bc-8bfc-5aa39939852a,standing desk office
340cb124-4b15-459d-9581-80ac04b0c483,mattress bed frame
562db82a-3e3b-45f8-8ebc-2f735e5407b5,vacuum cleaner
6d031027-8f8b-42ff-ba39-09f91d6badf2,grey sofa couch
fb9a5157-e7e3-4b97-992c-1e7e57f57453,birch wooden desk
eb4ad25b-d63e-458e-8e2b-c648af42b16e,coffee table living room
ab937f18-9670-4a29-896c-7c0d932d19e2,laptop computer
cd52c235-a9c3-4b71-ae58-9f105cc81b3d,bookshelf shelving unit
a0460f3f-49bd-47df-9d5e-91ee59c20c8a,mechanical keyboard
078bbc37-2426-42f0-a011-973f4d58189a,college textbook
d120fdb0-82a9-4463-8946-b1bede26ffd2,pile of books study
5342efb5-022e-4d8a-806b-6b4d8681e0d5,kitchen blender
09c0d9ec-b6af-4b75-9158-b5fa448768e0,ski jacket poles
bb87afe9-4597-4064-ac89-6fff529b9f88,shopping trolley cart
bbf13d36-0ce4-4aa8-84c7-8aa1a8597aff,college textbook
e9efeb11-7003-47d3-9ed3-a1adffc42f3d,stack of textbooks
26f271a6-24aa-4bf3-9363-3c3555e47bc9,standing desk office
51a6b15a-4347-430d-a6a9-1d747dc27125,kick scooter
a173ca0e-e7fc-4042-bb55-b28520bbbaaf,chest of drawers dresser
34fb6f3e-131b-4425-92b3-bce0d40c4c16,spiral notebook binder
8898aa0f-8e26-4b0c-8221-e7c468dc13f3,wooden bed frame
6dfb746e-d1ad-4ada-8e22-39687e702524,small dining table
f84ec975-e1dd-4ced-b0ff-2af15a8cc2d3,small writing desk
a5e8b4f4-b588-4deb-97f8-c94d273f7fd6,stack of textbooks
438f0e69-a664-482e-8335-f53be39c6194,college textbook
db53f48b-09eb-4d1d-b3ff-3d23f8e61aa9,water filter pitcher
6238c1ce-6d12-494d-9130-f50e4e4d83c1,small writing desk
b4ca3f8f-565c-4974-a227-43014cfedb7b,clothes rack hangers
74b2d4de-ed2b-4e31-bc5b-a228288a9107,small writing desk
cd50c9f8-aca5-4a32-8beb-bbef08f6e364,bike helmet lock
479875e5-c394-4832-93cb-e20d3f6823fb,spiral notebook binder
e5c23a39-1e39-4822-8b48-6ce1e0780835,shopping trolley cart
a32332a3-6ecc-469c-833a-7cee14d40183,wool scarf gloves
bddf4cb8-bf67-4652-b95c-8001d01e8065,college textbook
733f3c8b-26f1-4a77-892d-709f1760d1d8,winter boots
ce945666-5c66-40bf-8978-0cc463d79ab9,over ear headphones
4b000e1d-1ab8-4652-83cf-1ee6d412081c,electric kettle
5ad3ddf1-7dba-4248-abda-7b5c4552599e,e-reader ebook
9fe72f1c-237d-42b6-9bfc-01a8508adff3,shopping trolley cart
bd3ab066-9629-47bf-bb0a-011dc5893112,standing desk office
4ff94f89-5d96-43fd-b965-b4258ac7b0d0,small writing desk
f5414638-0d30-4511-b083-5562a4cd3fff,electric kettle
78c62964-a2b2-4f5b-b0b8-339fe0291260,over ear headphones
0fde000c-3890-49ee-8ef9-8c10df10e7bd,stack of textbooks
e1bdb88c-ea73-457e-b1d2-470975552e6f,bookshelf shelving unit
2cdc058f-82cf-4db6-9fee-fe3213c271f1,pots and pans cookware
67d167a7-7eaa-4b5b-87de-8233c5f24e66,birch sofa couch
5ae31a27-2b3a-4ecc-94b9-a0948c8fcfdc,pile of books study
17663dee-a72c-436e-9d78-18c2d0a28d94,standing desk office
17b4cd07-243b-4297-8257-78838308dbe9,walnut sofa couch
e1ca2fc3-9caa-4289-8ccb-db73f7f0b089,oak wooden desk
dc2e15c5-90f6-438b-bbfa-1f1d223ebcfd,bike helmet lock
6879b6c5-e4f3-4768-aad0-25edc2a38943,oak desk chair
54432488-032a-4852-9405-ef3576888bac,ski jacket poles
476cdd16-b68b-4564-b4fe-caead00ea3b2,stack of textbooks
40e82213-1338-447c-8626-9980727695fd,small dining table
3a384d51-3065-4da1-a605-8066f6165cb6,open textbook desk
51b90a73-d2a5-4dc2-b039-6a29aa5a6043,over ear headphones
cf3e7aa4-26ad-4c99-a921-8dac7b74af30,rain jacket
ba5a6e52-ce65-4f46-b285-034e3b63c2f9,computer mouse desk
83c2b1ed-d72b-4a15-bc2f-7125a23e7c9e,tablet device
5ce2831c-b97c-4e21-b7ab-40abdabbf91f,cast iron skillet
9f1307ec-6601-44ee-8ac7-1a98dfb7526d,spiral notebook binder
cc99ed97-3886-473e-b8f1-b982e2b91b84,yoga mat
4fdefb7e-eac0-476b-a979-97e9ea281eff,open textbook desk
967696b7-b019-40b8-bf73-deeb1ad04d30,tablet device
04d5860e-ec66-46ad-b01d-58c3218dddc9,mens suit
efbd5aa2-fa7c-42fe-953e-51d3d36773f2,open textbook desk
0ca4a775-dff9-4a40-81d0-6075aa1173fc,cardboard moving boxes
9ad32ef5-353d-4dae-a952-cc93a54d1120,white wooden desk
09970f75-43e1-4877-8cf0-e983b60eaf7d,computer monitor desk
367b4697-dbca-45ff-87d7-27747fee68ae,spiral notebook binder
0d3f86e6-fc2c-46c5-bf14-b280831bfb6a,spiral notebook binder
2c33d107-8ba8-42ca-95c3-0d9a30b2bf3d,wooden dining chairs
b0e60f3c-7bcb-4345-9d10-03f605418a77,stack of textbooks
2c4dbcc1-0717-42c1-9f36-72a5fd3ec3ea,standing desk office
806eaf21-8166-4343-8725-222e954d1fb8,open textbook desk
4445eb36-36af-4adf-909f-f5d9591ca46c,oak wooden desk
af8c1ebe-9243-4b22-bc15-5712f54a8e92,stack of textbooks
2bf405c3-1cc7-40bb-b5ca-43f750ea42d0,electric kettle
0e426053-cba8-4632-8d16-ff2be180e0ef,over ear headphones
2c2a6ebe-d09c-419f-a8e1-d3464cd8ea6d,yoga mat
1489d1bb-b987-494e-97e2-a20e8a43200b,wooden bed frame
5368b7b4-73c6-413e-b9dd-392be60a21d4,pots and pans cookware
bf966f49-f52c-4cf6-811a-74fedd342396,clothes rack hangers
5cf35963-2f5d-4a90-ad5b-9d91e4c22bb6,college textbook
717ef76c-36c7-41fb-b631-0857bf04e703,wooden dining chairs
43469ce7-fe8a-46be-a1d2-536630399875,college textbook
4601169e-db86-4ac5-8747-34554b0366e6,mattress bedroom
e1c06cc4-90bd-4a05-b31c-ce8b45a32725,standing desk office
93712735-8140-4fe2-a52c-fdcc8ef95ab2,rain jacket
3e700087-b9fc-4907-a9a3-30a60d3e0b54,coffee table living room
5cf5958d-e250-4940-bcbd-f5c52c9ac6dc,wool scarf gloves
1c047f4e-9973-4495-a7b5-14e7591608a0,stack of textbooks
a4666c75-84c9-4031-90e7-e197964bc47c,spiral notebook binder
677c36e5-373c-409c-b251-b4a42c55d5ce,winter boots
8b6e54dd-b7ad-46fa-9b6a-1c69a078eb65,mattress bed frame
a23cc455-a601-405a-92b8-501cac8bdfe5,pressure cooker instant pot
642065d4-0338-4ac3-9220-a4c4f48cc077,hybrid commuter bicycle
23346e52-85d0-402b-8f55-f88ae3836716,winter boots
6940f55b-4aa0-436b-b01d-859734673991,rollerblades skates
b140d8c4-ddde-4155-bc1d-60f72e677cdc,rain jacket
07f791f7-1602-486d-a3da-278f4bdc8641,cast iron skillet
8cdca155-1376-47f5-8371-ded05abd777e,birch desk chair
5a6d674a-19c8-428e-8da7-a4fabc20f575,kitchen blender
28fbe754-850c-40b3-aeda-d6af688b048f,mechanical keyboard
e3a1d050-99f2-4c14-b615-eb94dfbd473d,computer monitor desk
825aa88e-3f57-44d7-ab04-5448b59d7357,computer mouse desk
9434fdd0-10e7-4f47-ab37-3b97b10e106e,small dining table
6df2bc49-30f5-44df-bfa6-d5eabda16ed2,tablet device
08f7ca75-a6c5-4974-ab16-83a27835e306,wooden bed frame
f4ef061d-65d9-4d85-ae4f-5658969c184e,mattress bedroom
755caa5d-6349-4ecf-baf6-a907523657b6,computer mouse desk
b777a03a-851e-4d86-9bad-687925c503c5,laptop computer
3333f1e5-5be4-4c6c-97ea-5d430c0514e9,yoga mat
d5ebe77f-ef60-460e-a06e-f8d466941e3c,navy sofa couch
462a00bb-b8b7-4a52-9795-84151dab7685,usb cables charger
95d46042-6c04-46f5-b425-8a2ba77dea52,cardboard moving boxes
9b595606-e5f6-444c-b3e3-6bd16e8628f7,ski jacket poles
f99d603c-b9a9-416a-977b-3edabbe05e81,air purifier
c988a786-a97d-4521-987b-d4459cbe2e2c,winter boots
e26a46b3-dd63-45df-9810-2130fbbdd0d2,winter parka coat
48493aed-b653-44e3-a211-b3dba941f17a,college textbook
dd0f92d9-1f3c-461b-98f9-7058835a8135,small writing desk
b0d31a09-60e3-4664-87ea-90bd0856b9e0,stack of textbooks
4c61ea7e-3b50-4ac2-a7e2-34787dccd6d7,chest of drawers dresser
3aca32e4-73f7-4193-b76c-30599bf9c4ef,spiral notebook binder
852cc56b-9a13-405b-8211-d5b0301305bf,mattress bed frame
f13f76c9-6dde-4a3c-9f74-809ad10c5458,rollerblades skates
acae4a34-9138-45dc-b95e-bbb711e45215,rain jacket
4afb05ef-80c0-459a-bc81-003ea39a9388,wooden dining chairs
6f8d330a-8813-44f5-ac60-799ae3b2b769,shoe rack
37ae54f7-af5e-412a-8f40-4de20659641b,sneakers shoes
8b306922-5983-4e72-b154-6e3d6f1bcddd,mechanical keyboard
1368b545-920d-4f13-b2fd-1c3986520b09,winter boots
0ed8013f-9fa8-4801-bfb0-54ef1d004c64,desk lamp
41f8b160-15eb-41fe-a16f-01d936094246,bookshelf shelving unit
4d64a28c-8349-4e1a-9242-4ebd8505d4c5,bike helmet lock
456639d9-b18e-4ab0-aabf-917306b478a4,electric scooter
90c29ca4-3f07-4856-b8f8-473f87dbdc52,small writing desk
d7223262-f15c-4044-ba9d-194999c573e5,winter boots
0942c23b-36b2-44e0-9830-713186e05348,basketball
95882d31-07ad-4f1b-88af-7a363230a2f2,spiral notebook binder
612e180a-2212-4a08-8850-78c54a163aed,bicycle pump
001eacb7-bc39-46b4-a6d5-509451a62b63,curtains window
1f4f844f-8920-4d68-8ce6-87756f52cb23,college textbook
c0a51e39-5e45-4d22-80bd-4965474103c5,stack of textbooks
c371c5ca-69f5-47f8-b2fc-5faa68061d9e,desk lamp
93c04f5a-b479-426e-ae1a-d1fd8e8c9e0b,computer monitor desk
7228aeb1-0c7a-4d3c-9f40-73b4470e41e5,weight bench gym
3b75bf9b-df8c-47be-8138-1b969d8481e8,desk lamp
9ac2fa96-0080-40bf-81dd-06ea52b8f2ed,pile of books study
8a46054d-9813-4f3e-99b3-fa9cec2033d3,cast iron skillet
9da1335d-3e20-4a38-ad85-d0c415a77516,college textbook
4701d6c8-e20c-4712-afac-19c03aeea641,electric scooter
d2653b32-ffd9-4ab1-a61f-7dc88da7c682,pile of books study
81e2fc0d-79a4-41fc-8e8e-9157f200902d,usb cables charger
7c4a1286-62e2-49cb-b6ec-3e8c52c55bcf,college textbook
d4c55cb5-c01f-49e2-ac6c-22878a3bafed,sneakers shoes
ca98843e-874d-4c6c-ba08-737d43a6437d,electric scooter
9fa7baa7-34f8-4b34-b256-3b952cb2218f,wool scarf gloves
f255d149-84e3-4673-a7a0-f4d1bdaaefbf,standing desk office
c0ebfb07-a7ea-481a-b016-77b600ba8fea,pressure cooker instant pot
33bf1f9f-da60-4d8a-8a3e-aee009f6cef9,black mesh office chair
be1b1176-683b-4b3a-b98e-a062edd756e5,stack of textbooks
c7e289ae-e471-405c-ab88-e4b59eb902d3,rice cooker
fe850c57-ee34-4115-8595-a0a3967c8f51,college textbook
8b4e1977-7a48-4726-81c5-3ef4f4ae7f12,desk lamp
3de88bef-6307-4169-b900-1858561e0e55,over ear headphones
6a1992a1-a7e5-427a-ba15-0fdef081d619,mattress bedroom
db96c943-47f9-4ff4-b4df-5c51d40b1169,bike helmet lock
317fbe38-7838-46cc-9903-70fd1f800369,pots and pans cookware
376f2cb7-2047-465d-b7b1-61b30cf06dab,coffee mugs glasses
804e686c-d6cb-4680-80ec-4690134cab96,pressure cooker instant pot
19a21389-b6b0-4060-96e5-38615899a41e,black mesh office chair
ddf1249b-bd57-4ec8-a76f-d72bb6009b6a,sneakers shoes
8a24ccb2-9f70-4e21-b1e3-d5f851b51d11,ski jacket poles
564a40b6-42d7-4af7-ac4a-9dd02c5f67dc,college textbook
0c21f54b-1386-4308-bdb0-862ce829cd5d,vacuum cleaner
eda46f92-1199-410d-aac6-bd911cb65070,tablet device
f9a9f941-87d4-4594-9d56-e44b3c94735f,wool scarf gloves
587f8f76-fd1e-4ac0-ba23-2a07cd91fc4e,over ear headphones
bbd981af-926c-45db-8178-8934a9fd8c0b,espresso coffee machine
9b428916-d78b-462a-9cb3-421c87bf74b9,chest of drawers dresser
f7d1d42c-d247-4b49-90ad-4fb9a3a54849,wooden bed frame
c75b1293-8267-42a4-b78e-4c4ffb3df52f,wooden bed frame
929fe289-f6bb-48e9-bfaa-b1e9dca141e2,desk lamp
dfb31c2b-ce28-4550-802c-66bfc2b42f83,sneakers shoes
71e43f97-5cb6-4405-bb99-f05bbf9981ab,e-reader ebook
14af7d67-5092-4707-9a83-4293424cfff5,mattress bedroom
0e73a2d7-d306-4c79-b892-9d61f5bca2c8,spiral notebook binder
649c42a8-4c24-4f52-a8d6-6558b1564ee2,coffee table living room
2182a8a5-07b7-4491-85b3-3696a4573f7c,curtains window
5f4747f5-0674-480d-9f65-3a9ca785d8d1,mattress bedroom
a996b5fd-ab5d-4653-9e24-705aa51ec398,coffee table living room
8607f95c-f823-43fb-976d-28941d2e8552,toaster oven
15ffccac-6318-4ccb-8972-7eeeebaf6503,e-reader ebook
3d1692a9-31bd-48a3-9c44-bcb87da99383,rice cooker
f71969e6-8bdf-4f60-8dc8-cae3528dd04c,rain jacket
5ba4358a-ee72-4479-a2ec-7129b1ba05e0,e-reader ebook
10cdf5c7-f54b-47b0-a25b-15eb7ca7c045,tennis racket
51b614bb-7119-4241-afcc-bb1287c60fd7,spiral notebook binder
db80c304-e1e8-44b9-9f6c-fb1d9522b2e7,kick scooter
dcd5c0fb-0540-484f-890c-4c6c5cd19b27,electric kettle
63cbba12-8df2-42f2-a3d1-f4fc3a078abf,white wooden desk
e9370c08-1a23-4715-b595-3554fe0e2f57,oak desk chair
1894ee8d-c4c6-4693-8cda-0b3e453081a2,pile of books study
e041a612-ec43-4f19-801c-a8b4f28afab8,electric kettle
ab5ac6d3-f3b9-4e9e-b6e2-e3ea0d7be2dc,wool overcoat
a9d0fee7-c0ed-4133-8765-92017f4f95e1,chest of drawers dresser
4006fe35-1353-45b0-b76e-308e0062c453,rice cooker
bb641206-8c2d-4bf1-93e2-e77822499b6b,spiral notebook binder
a05bbe84-2890-495e-ba0c-51b1cfe4909c,over ear headphones
83b943ae-55a2-449f-af6a-8c99b27af36f,stack of textbooks
8a0fcbe6-6a6f-4609-96fd-5e1a07a6ccaf,road bicycle
356d8df8-dd69-4f7d-a87e-0c7d8c5cfd6c,desk lamp
a968be6f-0066-45dd-960b-21dbd2b5f710,mens suit
b080bc8b-32e0-478b-a88e-0578c64791d9,coffee table living room
eae8b450-219a-4e36-96aa-0bb401d716c2,rain jacket
93080960-eb08-4a26-bb57-5326ecda7d7d,shopping trolley cart
d73af723-b0b4-4c9b-8c9a-a571d3370c45,wool scarf gloves
12c6fce3-becb-4891-85e4-d00b35bc6d67,black mesh office chair
9e0169aa-bd69-4d81-b2bd-ec62afebcaaf,open textbook desk
f5b2fb8d-1610-4e0d-88d3-4b746df15192,open textbook desk
16866e28-41cc-47d2-b323-1679f2b82b5f,tablet device
bbfc77d1-d1a6-40ba-8772-9e1fe529e44e,open textbook desk
436154e7-f4a6-4d91-ab3e-3e44fd53cda7,pile of books study
7886a1c6-e579-400a-ad8e-413c34dd4c3f,computer monitor desk
ad283fba-895e-40b0-8365-33112d4a5889,tablet device
d0647280-a677-48ae-9224-2f2fe7217b5d,bike helmet lock
9ea0e81a-e30a-44b7-9c53-5ffbf84300de,coffee mugs glasses
8af88321-66af-4057-8802-46730bf98dc6,wooden dining chairs
ffb2a281-4357-4d58-a8d4-b1e261c0f612,toaster oven
336ea5e8-1b5b-4bf9-88aa-e2413b87d663,standing desk office
5fa50627-36fa-4d1e-9e58-c0416b12a532,e-reader ebook
624b3b23-0793-4a99-82f3-d97b92433200,spiral notebook binder
9a25504a-2267-4c3d-b28a-000b3e8e46eb,stack of textbooks
11776e2e-233d-410c-b46e-443cfb75559e,small writing desk
b7f6d638-440e-4849-a195-85d388efb88c,laptop computer
44fdc198-ed3f-4fdb-abff-9f9b1fd53114,pots and pans cookware
f2464b3e-ba20-4126-8543-1533caadfe5c,cast iron skillet
b10f5ec0-7640-42b5-b7d8-7450ae493f3e,shopping trolley cart
d2084cf5-d711-430b-8524-dac7f0a26777,coffee mugs glasses
d59a55ef-2d82-4a0e-9a60-1e442a25f348,black desk chair
53aaaeb9-43a6-4649-9c46-56f828defeb3,toaster oven
1bc1420e-acb2-48bc-ac41-94b276a34850,college textbook
eb621914-6db2-44f2-a637-6be7046a22bf,over ear headphones
e2115c41-7478-4de9-91ca-9bd427f9869c,bookshelf shelving unit
642a651a-220b-4080-95c9-afc651e838c0,college textbook
4615ad2d-f997-4c08-b039-d147c690cb3d,black mesh office chair
fd832261-6687-4ded-ae20-e7ec19e897d3,mattress bed frame
05db55fc-76a0-4a74-b7c9-ff1e7dd2cf85,bookshelf shelving unit
820038a6-73c4-404a-87ea-b08a214ed8cc,pile of books study
7cef839e-d53c-44a1-b2c7-f9d2fd4e4460,winter parka coat
50584d18-15cd-45b9-a9af-f99f6fd46d60,black mesh office chair
61625663-7677-4518-8575-75f69bc64f87,small dining table
2e627613-246d-4a8a-b2d3-0e70e825d571,black mesh office chair
9f1fc54b-d91d-4a51-932d-cf9051ea98c4,wool scarf gloves
bf1db679-701b-4b68-b549-6e7bf04671cf,computer monitor desk
6ee4aeba-8253-4ed3-a69f-c028faebafa5,black mesh office chair
f3898bff-253c-4439-945e-cfe4feddd152,pile of books study
3d967a67-a2ad-4022-9b7d-28f7b8d06203,road bicycle
caa94f52-0765-4fee-8543-81d6a2b8ca5b,over ear headphones
a1bb6f4c-659e-4c73-8b1e-aa11d7e786b0,yoga mat
dac12336-60ae-4e80-a6b4-5b3b7692b734,wooden bed frame
5c3744d0-0723-4b8b-b891-2d53f71d0d88,standing desk office
2458d995-3b65-4996-a763-31549ad95d06,stack of textbooks
51249e9d-056f-4eb1-8f4d-e47f83fbb168,wooden dining chairs
c2e526cc-348d-4308-822a-0fd1e57f4937,mens suit
6b2bea8e-faff-4c70-8231-13efd8376c92,shopping trolley cart
477c4e02-5166-4d50-9eb5-5d35ed7e3262,pile of books study
5f0dc977-a2b2-4842-97b0-9736d9b082bd,spiral notebook binder
e38bfaef-c090-465f-8193-006a52220f84,chest of drawers dresser
12189376-01da-4e2a-839a-ea67cb16dddf,spiral notebook binder
accfbee3-03b7-49ac-ad61-4454cd303024,weight bench gym
fb42bc8a-6bd1-449e-9437-89cf867e6ba4,mechanical keyboard
ce22bb66-e5ad-4344-8ef6-b506f8a3d44f,black mesh office chair
eb00b031-74cf-4003-b10d-4c5b4746fa4b,walnut wooden desk
a33586cb-c351-407a-bf72-aa2c5e6fc77a,bookshelf shelving unit
c217afe6-d575-4433-aa7b-948c5bee9162,small dining table
2ba23793-8b19-43ca-bc60-f9a32aac95ce,stack of textbooks
b7a1fb77-52da-486d-b3ff-b37d6acacc54,sneakers shoes
8c5bb473-a902-4152-9e24-ba49dcbd3f98,kick scooter
2d4d74ae-66e3-4290-94b1-9b3cd5efc7ad,e-reader ebook
f668ce31-bffc-453e-a666-bb5b36d09f20,pots and pans cookware
bbd9d450-b92b-4b99-a76b-55ff10ff1cec,winter boots
bbc9b860-7d3b-4c69-bca5-5fd5aed2ecb3,pots and pans cookware
4c6d50ec-dacc-4659-b44d-f20259d261d8,small dining table
ba48ea9a-155a-46fb-87f9-3a7a41c06d40,water filter pitcher
31d3f59b-833e-4008-bbd3-a8afb2d67d8e,toaster oven
ecb859e1-216f-4e8d-a72c-fde755907d82,basketball
3e600098-0ecd-4c03-ac62-95dfc8061aba,wooden dining chairs
713af5b3-6cbe-4c68-a7c8-4d3cfd9e36e7,rain jacket
f84e75ca-14ab-448a-8f04-919b2d3239d0,college textbook
431a5c5d-2efa-4c5f-b69f-5810b6b7f928,white sofa couch
8a9563dd-89c2-47cc-8f22-6aae5900e7fa,sneakers shoes
3e497c28-0484-491a-b171-4476f14bb166,over ear headphones
efd4db1b-d5b5-4a75-81fe-89a54610e235,spiral notebook binder
330ed985-3fb5-4bf2-94ee-19c397ec3e8f,computer monitor desk
d6f9bead-de00-445d-a9e1-a9984a6d552c,birch sofa couch
464e70a1-b377-41d0-a092-f5cf3bc79aa5,mattress bed frame
87813b23-83fa-4548-9936-ec1ea78ec904,wooden bed frame
0988a74f-0095-4f5e-a8ee-d95db8742a51,stack of textbooks
dd720de7-968f-41de-9de9-b3c0cafb36f0,yoga mat
247c3997-1cad-4c27-8806-eb088de465d3,laptop computer
f855dd60-ab7b-49af-bfd9-19aca86c6e7d,resistance bands
59bfc74f-2250-4f6f-9961-bb2da96534be,spiral notebook binder
ff2b230f-0c3c-47c0-9156-0cd7944c1722,pile of books study
0f2e984f-2081-46a5-8f11-9ebca9794250,wooden dining chairs
bd210d4f-48fe-43ff-bb0a-9cd4a3211fee,mechanical keyboard
1d52c0fe-ec2b-43c4-940f-3fd40db8188a,rain jacket
d684887c-a32a-4fbc-b924-7e26288078de,mattress bedroom
05155434-487c-49b3-a877-d80ae1f2a333,vacuum cleaner
60820b1b-4ee4-4b60-9983-ee97579354ed,ski jacket poles
b66a5af6-3bdc-477a-8fbe-393f97e8f24e,bike helmet lock
41e4ba81-945a-43da-ba88-cb3c9af5abef,tablet device
60cf5c21-513e-4465-bd8d-d55149b46a8d,road bicycle
07b1f774-9800-405a-90ab-6cbe05d0d2d1,stack of textbooks
4adc25c0-2a17-4a2b-a3b1-d577a1faf355,mattress bedroom
83e94a49-3678-4e90-b251-70766dc9786e,stack of textbooks
5813da0c-612c-4a60-b948-6557f780b175,pothos houseplant
2c82e3cf-c459-4c36-a77c-49cb9a58b91b,college textbook
cc74975c-0ae3-4ac4-b228-741f499825a6,basketball
de34b746-3a5c-4fe4-9ffa-66c84a3a1d58,clothes drying rack
1ab14d5c-d115-45cf-b5b1-98d28bff0c2f,pots and pans cookware
852b706c-d8ff-499d-9b64-43db7bf2c273,oak wooden desk
5455e362-926a-4c40-b65f-517c9c48e468,e-reader ebook
5130ac38-d6e1-4df0-8231-c5e17e910503,cast iron skillet
ffe7f0c4-b9d7-4b4c-b744-8ac473a362fb,pile of books study
9cb684c1-2d18-4471-9c23-f1f8d5a85db5,walnut desk chair
c6b9cee0-8a67-4d42-a1bb-35b7377b944a,sneakers shoes
d9cf8f85-81bc-4d02-b56e-bab415a9c74e,birch wooden desk
281852a1-3f81-4ada-b5ab-c4fd6bef11e6,open textbook desk
0c001d36-f1be-4f09-b50f-125d1a232b1d,mattress bedroom
8786cbb1-ecf1-471f-a8ed-683dd5202d11,tablet device
20d70dcb-f52b-4212-a678-1b7636c93cc3,pile of books study
986401e2-8d75-490a-9e67-50cf3be6f9d8,wooden dining chairs
25ad1894-0868-45e8-bac0-7cb57550590f,pressure cooker instant pot
7c7a83b0-b053-4d5a-ba19-68414f56eadb,curtains window
9f75f9bc-a1f2-4de9-9734-fd477dd4f63f,road bicycle
4bd94d95-d65e-4ccc-8e13-cb4151aa405f,stack of textbooks
d8fa8037-670a-4ef7-8f46-bcd57a4db9c6,pots and pans cookware
b49c5d41-eb96-449f-a1ee-ae8094ae8777,air purifier
0e91d896-360b-45c1-bb3e-96ca47691f43,pile of books study
fef8a7b9-4bd8-4ec9-a4cd-745c62f30bba,curtains window
0bdf68a0-8678-4288-a702-c08fc19058c1,winter parka coat
e9cbc242-5b9f-4877-9c56-0a60ed3d00af,mens suit
ecaa00d7-e7d7-4ac8-8639-8b87156ddec0,stack of textbooks
f9b13381-cf09-4e8e-badc-677d06165db9,standing desk office
0f7d98f9-1991-4aa6-a5ef-aa86e3a76586,tennis racket
d1f6fd9f-6837-4215-8ede-86ab74e1fce6,usb cables charger
7b54529b-ede4-4f99-af1c-6140c948c950,open textbook desk
2aeb8f99-07ea-4ecd-a17e-935e242b6c87,college textbook
78cc3468-fca2-4972-a256-10dffa57f98a,standing desk office
10d24ed4-5eb8-4bfb-bb86-d693f9bfae5e,espresso coffee machine
2cd80e80-a484-4d33-9a43-249992627ac7,usb cables charger
c37c4b28-d656-42e5-bef2-5860e869753a,road bicycle
68fc65f4-bedf-4c80-a7d2-fa4fefae9417,black mesh office chair
e654ef7e-ed06-4b03-8e3f-2baaf019cbaa,wooden bed frame
f665606f-8532-49e9-914c-2e560fd93551,oak sofa couch
ccd7006a-021d-4b04-90ef-5df8612db94e,e-reader ebook
05796682-0fe8-4ead-b642-48a49f59968a,wool overcoat
4fa9ba19-41d7-4d33-a126-604f2f86cb69,sneakers shoes
2a1caa72-dbdf-4f23-b91a-42a660ffd24a,pile of books study
087ed90f-ca6d-4fbc-8160-05f0a10ae19f,electric kettle
41b0ffe9-4dd5-429a-bed9-33a27100a72d,mattress bed frame
44d54a01-e466-43bd-b70f-cffcce78a043,rain jacket
7f870fe6-f47c-486d-8aa0-d8456233e6bf,standing desk office
ec11a082-4e51-4ccb-985f-3280a674431a,rain jacket
061aca9b-6c80-4630-a54a-63c36bf739f5,espresso coffee machine
fa7d5e4f-d63c-41f6-925b-fd086aa03414,spiral notebook binder
4a2365ac-2aff-4e86-a7cf-39c2ba58b865,kitchen blender
e7d8af20-84e4-4c11-8e3a-8f7ba1aecc02,wooden bed frame
be0be817-baa8-47f7-9fce-d4da3b156dc0,desk lamp
899782d3-e8fc-41be-816a-d67dedfb1d80,clothes drying rack
0e851811-8161-4ded-828f-1bb92262c5e3,rain jacket
0289e8f6-4e80-4b25-a291-e4fd5b1a1d96,walnut sofa couch
98c85e03-56a2-48f7-938d-dd97d79a31b3,computer monitor desk
865e0824-aeac-4fdf-b605-de44a124b4f3,curtains window
c9c91507-9d34-461b-b082-20081547bbc6,wool scarf gloves
5c306806-e927-4ee4-9146-60e4b412c080,bookshelf shelving unit
2d3c4087-97da-4cb6-aaed-43c66466d19a,cast iron skillet
1068b045-570b-4834-8ae9-7897719fc002,bookshelf shelving unit
5042aeda-ea80-4a40-a99d-038572cb3d72,college textbook
520ab43a-06ee-4250-9416-cc025332cbae,microwave oven
b7097b6b-3f40-4c4e-831b-bdf5bdf626a3,rain jacket
3d5da475-7243-44fc-aa60-c17407e5be88,pothos houseplant
961dc8c2-f50a-4473-8a6a-a77ec044138d,black-brown wooden desk
9bb4bd09-019b-446b-aa51-6e253f4b3ce4,sneakers shoes
8ad16a71-a949-4754-8ede-c98e0cf8f4db,pile of books study
a16de68e-4b9f-4666-8791-5dbea4a332cd,stack of textbooks
30391140-3826-4ae9-9108-06b0eebedab0,coffee table living room
48bce1f8-8441-47e0-bc97-fe3592d3e20f,black mesh office chair
8d8fa41c-3fab-4f69-9535-fae7c2332fc2,wooden bed frame
9e8619c6-d117-4390-b0f5-992a5c789a12,water filter pitcher
f72a29a5-c199-4672-b8b5-98751d990623,tablet device
5d6d6b91-0bfa-4bc4-bf1b-91c1b091db5f,grey sofa couch
4593ce8c-775b-4000-947f-1217c4327dbc,kick scooter
246b860b-b1e6-4103-97c3-89043655e3df,basketball
ae0670a8-9051-4588-9287-b4731e404087,laptop computer
44f76140-7822-4deb-ab2f-f324a9ab49f7,beige sofa couch
893a6b93-4956-4653-802d-94d2cdd65dec,stack of textbooks
618e1f70-c598-4b00-bb7e-81bd6c08b65c,stack of textbooks
c49f8e32-12d4-4b19-8ea8-f9d67239b259,chest of drawers dresser
5e0dfb58-8bc6-4f1e-a3fc-8b1c7842af9e,spiral notebook binder
490081b6-2b1b-4ffd-933e-98f06caa1af6,chest of drawers dresser
ba28d73e-1184-44b8-ad50-523c4d9a9cd9,kick scooter
6c69a24b-18a3-41a9-b81c-2a695dde7df3,mechanical keyboard
e5e8c713-95b9-4bef-802d-dcd14a9fa28f,pile of books study
beb7628e-2deb-44ff-80e3-9fe4fb6cfbf6,mens suit
71166c79-c7f8-4737-8a71-a8ecdf913199,over ear headphones
acebf6ac-0293-485a-832d-0f8f0138786e,computer monitor desk
a0ae6a59-f096-4ac9-a03e-910b521269c4,wooden dining chairs
1cbdb92d-617d-4bb7-8b51-0bc44020bd81,chest of drawers dresser
c929c249-1a0f-4012-bdc8-3bdbd14ba944,air purifier
0e570b9b-06b9-4e1d-a746-82d63d785081,water filter pitcher
ebe11040-d9db-4c8f-84be-10b4759e2770,bicycle pump
f045f506-52d1-467c-97d2-6fcbd988c804,over ear headphones
1b3d320d-5cd5-4cb4-8f03-b15e0039d5e5,vacuum cleaner
ac0d302b-fdba-4b9a-a025-0d033e5c8dfd,spiral notebook binder
1f89ae54-f82d-408c-8cb0-e48b1709cd12,grey desk chair
bd66e4f8-76f3-46bb-9905-ad85a9e12181,usb cables charger
55c2a01a-7c36-4ae9-ace1-7390b914e4e5,laptop computer
773d5fca-acc4-4e2f-bdca-a05c6f6f2c82,mattress bedroom
a02d62fe-e02b-4117-8431-7a8336ca4000,grey sofa couch
d917a56b-1f11-47fe-bdba-8797f230cd34,stack of textbooks
5de49069-4f26-4e1a-8dbd-73a31715471b,winter parka coat
ce288f38-c75a-4db0-91e8-04a62884540f,e-reader ebook
8e8465e8-b3e4-434f-bd81-f145b7cf74f8,open textbook desk
40e22d31-5603-4083-9e30-762bfdfc0736,dinner plates dishes
8bde58c3-aa1c-4cbe-9dbf-05b3ab321591,small dining table
e67e0cc1-e752-4dc1-9f25-50933f027ed2,dinner plates dishes
572e5490-95d4-4257-85ba-fabd395aafc7,shopping trolley cart
cd506acf-340b-47ae-a93f-5c3e20943884,open textbook desk
aebc3095-ee20-46c9-ba54-93d9463a6f11,standing desk office
ce6c3c47-0cb9-48c6-9a89-cb45c7e64db0,kick scooter
41ce076e-2e4e-4f0b-adde-18eaea43a398,coffee table living room
d31bcd38-7b90-43af-a34d-34e01a43905c,black mesh office chair
c7f118fe-698b-48fa-bd80-03c6ceeba492,wooden bed frame
1e09aa54-a764-4f49-8093-3e5d73753df9,mechanical keyboard
47d04850-3375-450d-828b-42e8de25528c,mechanical keyboard
d0f899c3-61f9-433a-a955-346fd6eda31f,black mesh office chair
2d4ff1ac-96fe-4396-b3c3-0150e043c8ea,basketball
1c9caa11-79ff-4b33-af29-fc74dff46389,bookshelf shelving unit
ea731d6c-574c-45b3-979c-a2624bcb2d24,mechanical keyboard
06206e95-37fa-4028-8609-f20acce67ebd,rain jacket
23b9ab88-4bb1-4c7e-98d2-9ac319d13996,pile of books study
38500a84-3234-4736-8683-500455fd8d58,pile of books study
a2227235-6409-469f-8e44-afb7310b99e0,pots and pans cookware
c9840ede-1626-4c6e-b5ff-0aea3500b876,college textbook
cd6c2d1b-315a-4a09-9a12-df0416f10a5e,winter parka coat
731c8517-7608-4c1e-b098-a385edf6d034,stack of textbooks
cca317c7-ca17-4795-9363-a4719134270e,kick scooter
712e935c-10cf-4fe8-b3cb-0f124a97cce6,laptop computer
b0cc6595-e2ea-40e1-87e4-9916f419888d,chest of drawers dresser
23b62030-bc09-4a1c-a0e9-e982f8b28649,bike helmet lock
6cc02e1c-7723-4a29-a1bd-9c888922e10b,over ear headphones
329b1d2e-8331-4952-a673-71f51fbfca3c,sneakers shoes
4d0d8179-9160-4ce0-891f-16928c0a24bf,e-reader ebook
20862f06-d019-4d10-86fe-3170452d9102,spiral notebook binder
f9d83822-d328-4a41-aefc-b2fb0a3010a6,pressure cooker instant pot
07833fa1-a3be-4c6f-af31-16e80675a938,clothes rack hangers
1b513c92-a928-402b-91a7-60c4ade3bd17,mechanical keyboard
e55040ad-1aa6-4747-94df-8aeb6725899c,bicycle pump
7271559e-3b06-49d9-a5d8-e014a35ac2f3,air purifier
777fcade-669e-4994-a5c0-5ce1281f92d1,black-brown wooden desk
19df0d1c-87ab-4a94-a9e6-f7197aae375e,open textbook desk
2b1e9104-df19-42a5-9a74-fa47bd5963df,spiral notebook binder
92d0d2fc-5512-44fe-b924-4936157def77,tablet device
b7214c77-6321-4fa8-b475-ef3cb0731d82,spiral notebook binder
236db5dd-0d9e-4204-9872-e37e23ea7319,computer mouse desk
c7709088-d0da-4750-9813-022ee0eef05a,spiral notebook binder
360606c6-82d4-4e99-a9bf-8dddb8f9c057,wooden bed frame
2f22b08c-1a5f-4d5c-9b10-c6741b094696,mens suit
810ba57a-b4ea-47c7-a49b-576d40ac5302,black mesh office chair
4e5ea8ea-106b-435b-b6e4-3f3bc5f8578c,college textbook
a99a6b1f-1c31-42f2-a662-f05ff04b177c,stack of textbooks
0e617553-4f5c-4b96-b9e5-2303568f5623,rain jacket
80bba286-df47-4cb0-8705-bcef376ba27a,wool scarf gloves
b4db6b06-129a-4f2a-b2bd-c9e0f87adbdf,sneakers shoes
fa4076d0-7926-4a3c-ad48-2ed68fdf42dd,pile of books study
5de458d4-fa85-4f8f-ac31-fe3c0c649a42,winter parka coat
84d476fc-30c3-45c1-8a3d-f037c4ed9296,computer mouse desk
0b1d3bd7-3956-4a92-8ae9-20624dfcb141,bookshelf shelving unit
d2966cc1-191a-4776-bc35-288e7bb4cf15,winter parka coat
e68fc596-53ea-409d-ae7d-4511e9c2c2ef,kitchen utensils
49eee5d6-1e69-4995-8654-08c57e585ad9,standing desk office
0e1cf60e-599c-4384-89b2-3aedf6e32460,pile of books study
8561f43a-4de6-4d69-8fdc-81cb500ca57b,black mesh office chair
511e49b5-987f-4ad0-bac0-66235047d333,open textbook desk
633f396a-5230-48fc-b714-ff4dae685140,spiral notebook binder
e799613e-c8c8-45ab-9948-909ed38ce154,oak sofa couch
f64936ff-1fab-4662-8815-5242231503f3,college textbook
cec6aaa0-3bd4-4203-b9ab-e618665eecaf,pressure cooker instant pot
5c84b3d0-96ca-479e-b1b6-cc32d71b12ea,dinner plates dishes
9ccb0d89-8c64-4961-b351-a51fbdb288e0,rain jacket
31f26598-e065-4558-821f-097008c77184,spiral notebook binder
a5d44176-a839-47cf-9e62-3cd2a5e51125,kick scooter
9200de05-1275-4b9f-955f-bd0b9b2c98be,rain jacket
6f131e9e-c88e-4e48-aeaf-27566a5e79c5,laptop computer
a6d9cfb2-96c5-4aad-8c1e-c424abfb61c2,mechanical keyboard
2a4c6daf-00ba-47e3-8de1-8ae14e13a0c7,hybrid commuter bicycle
990affae-6c00-49a5-b088-c09d401223b0,water filter pitcher
7b22edc4-8ce6-4cd2-baea-1b9e1051ada6,chest of drawers dresser
93b69adb-26ea-4ed3-b87a-8dd159feac9b,electric kettle
cd403da8-3b4e-499c-bf83-1a1ee6ed11ee,kick scooter
2b59d4c6-1a46-4c66-b124-60c08f1e1328,spiral notebook binder
d0790222-84f1-4897-89d0-7da113e886bc,winter boots
6d6e986f-3cbc-41d1-ba03-0ce510ee357f,open textbook desk
cbfce56d-13ff-47cb-ac09-7a62a9fd6716,college textbook
781273ac-a954-44a0-a834-10a068ce305c,road bicycle
a11ea498-e484-4f0a-967a-5ed759dd42cd,stack of textbooks
8b8f9d7b-cdda-458e-a256-e8af65446a5e,mechanical keyboard
80f19598-dad9-42d4-b755-ec142fb7acba,rain jacket
c30f7510-b78f-495c-8472-386a997175a7,basketball
842cea88-1f69-420c-ab47-2cd5ac467723,kitchen utensils
677943e5-aadb-4ba0-a7a9-24d6098aa92e,winter parka coat
55ebe7b4-8a71-46c4-a9b1-1a8c995310c6,coffee table living room
dce87cbe-f86a-40a8-b9f7-e5a29d024448,usb cables charger
f4cb8def-fcda-42ee-9027-0fb9fec1af66,black mesh office chair
285ce0f1-30b9-4c09-b55d-f4ec871cd10e,small dining table
c5c54ac8-0612-42cc-8e3d-3d56b1273046,clothes rack hangers
25849bf6-0208-47ed-aa20-fffb393ef448,bookshelf shelving unit
353015bd-b02c-4f8d-bf25-9f030326bae1,clothes rack hangers
c837e9d4-2f2b-4ddb-b418-5aeace9f4e22,laptop computer
3de9733c-1fbe-433f-82d8-74942f63c9e0,wool overcoat
aef84117-8f1b-4a5e-b7bd-5ba2bf51f4af,rain jacket
49efb4da-a41a-40d5-aab0-7b39b3926cee,spiral notebook binder
df901683-d48f-4548-a4b3-3b055c0589be,curtains window
a0184cf1-aae6-4355-8710-4276b9a68091,pile of books study
05ecff39-a696-4b06-8459-78a48dd760d7,vacuum cleaner
0c20ec9b-4d2e-461c-abc7-093cc15a1c10,navy sofa couch
64382d00-5d5b-4d08-97ca-7bf8792ffd9e,pile of books study
ff204ee2-55bf-4b21-a363-f017713c2a70,usb cables charger
4249a2c8-63c7-443b-b1f5-8e341014ccec,mattress bedroom
2aaa1a92-5e30-4e4c-bb88-8d4197cd7c80,college textbook
8ff42f4f-50e7-4e73-979a-c1673ecc0520,dinner plates dishes
b4e6f09f-d078-49ac-8ce5-cb292688a671,toaster oven
0efadc07-a8d9-4e98-afc0-d09a8b4f883b,white wooden desk
757a07cf-2b2b-4bae-bcb2-c9d3d9e6a491,mattress bed frame
72636fc1-19b5-4c21-8a8c-a093b0bb1699,wool scarf gloves
f898b5ef-98f0-4059-b4dc-b730b0f59dc4,college textbook
b01cdec8-b614-48ba-9a52-762e8aba0b7b,clothes rack hangers
5681a5a9-5122-4896-b127-868b99990e9a,winter boots
4759c665-c339-4894-a9ce-24ba49efc341,black mesh office chair
425047a3-9724-4259-800b-c39ca672f2a5,winter boots
79f2688a-ab2c-4e91-b212-fd8115a51173,wooden bed frame
de820541-16f3-416c-bec0-340ef64ac306,usb cables charger
a45c2ca2-142e-4ab3-926e-efa86dabb891,navy desk chair
0e9ad9de-1217-4125-8cae-e8b0552d328e,bike helmet lock
4b7b804b-a4e0-474a-8fda-0fe392c4e134,open textbook desk
7e728688-5823-416f-b8eb-2fa0a142afd4,college textbook
8fe1b1d1-dfb9-47f5-bf37-2183a889be06,mechanical keyboard
a868d4eb-19d1-4d7f-999f-c682994134d9,clothes drying rack
52d5a1f5-103d-4ca9-8f3a-f26616142acb,pile of books study
b9fedbce-48f3-41c4-86f8-141f76887e2f,bookshelf shelving unit
5cd14a9a-ca39-4ff7-95ac-d6df08313407,wooden dining chairs
f21e94b0-b81b-4954-87ce-3113150d44b5,black-brown wooden desk
243fc30d-fdbe-43f4-939e-406239d47169,open textbook desk
11f24e6d-035d-43ee-ae95-7cef246ab562,wool overcoat
cee7b757-2343-4a29-a84f-75ec6a9e9a57,dinner plates dishes
0a34a3f3-e39e-4ada-bbe6-0afa4717093d,open textbook desk
1d44b3d7-ccd7-4572-b3f7-086e9445db02,rain jacket
acf18ed8-4fe9-4293-8d5e-f8fa17978456,bicycle pump
6211ae79-dd36-44b4-955c-d6bb065af23a,stack of textbooks
db96685c-4b3d-4694-babd-1a1d25c13315,birch desk chair
dd85e8f5-262b-484a-8642-378cb58a4268,college textbook
d47dcb1a-c0df-4900-b4b1-e169453f9d73,winter boots
345d2695-9b06-434a-a689-275fb3c83364,spiral notebook binder
7658cafe-2d39-403e-a7c9-c6fa0dc40f8f,pile of books study
0a1cacaf-75ca-40f4-9f58-1c0279a1778e,vacuum cleaner
cceb4bed-67c8-4eb5-9277-a6aafc929ab3,wool overcoat
b41e10ee-ad81-4a16-a7fb-5b6469af467c,pressure cooker instant pot
87ec9126-8b47-4356-8e5a-3490db92c3d1,cardboard moving boxes
de6c5695-275a-4bab-9ddf-c42527c2113d,grey desk chair
9b24d28a-4c26-4862-b246-e46a9f997a25,kitchen blender
bf7fe23e-a6dd-4ded-b881-a9227287270a,kick scooter
7087cc73-8a9a-4074-bd60-1352829c345c,mini fridge
8434d8c0-98a1-4485-9e29-1d7ccec7704f,air purifier
dfebd44f-0314-4d4e-94f4-c96a8d2812a9,curtains window
99dae577-36cc-413f-b6d4-4d4d5f12aeac,mattress bed frame
68f2e5fa-743b-4041-8661-2c0ed476e552,mattress bed frame
9dbed5bd-bf25-41e2-b486-4b4d70fb88c8,computer monitor desk
64328e49-d07c-453f-a7d5-d31e77411a23,usb cables charger
b62799f8-2ac3-4417-b7ce-a42bf01fc9d4,small dining table
3422011f-686a-4940-ad05-75de164c4f2b,spiral notebook binder
35ab2f47-4edc-4a60-9314-dd4ee57a0944,desk lamp
875c87ea-0b02-4a97-bb0f-a4cec577289c,mechanical keyboard
7567b84b-1c34-4c99-9577-a37908f89fc2,over ear headphones
37082b84-f8d5-47b2-bb49-4bf4b4567855,stack of textbooks
25bc47c7-3f59-45cf-accf-7d8de543b417,road bicycle
6c7dabb8-ea1a-4bc6-a076-33e641b26aec,over ear headphones
8ae89483-21c4-48ea-b91a-0bad18edac4b,navy sofa couch
ac26d4c2-818b-4d0b-b398-8db8a8a06846,college textbook
b5b734af-cde7-49d8-9ad2-42481f3f1a19,mini fridge
1c127e63-4879-4c09-ac20-7304bc326886,standing desk office
229700f2-dd1c-4c3e-9ca7-a04381a34680,standing desk office
3e800602-8dfb-4d38-b484-a4d0523d28c5,small writing desk
8ba1ed81-5b73-4647-ad33-fd229ed3ae6d,white wooden desk
9e7e869c-a0b8-4f26-b41e-6b66f8fdcf2e,wooden bed frame
170f6779-135f-445f-b589-9a0f9bdbca20,black desk chair
66a6bc6f-1e9c-4fa8-981b-9cf033236ffd,black-brown wooden desk
a257f378-6d94-4c13-b237-5a40798d21ee,rollerblades skates
721a9588-c4f4-457e-a19b-bf1ff17621ac,spiral notebook binder
dd1db42e-8873-420f-9f0b-4006f6622ba3,dumbbells weights
2e88a891-943f-4ac4-ac2f-a0b0e1b81fe2,coffee table living room
1ab1131c-ebba-450e-b4db-bef9292943b2,over ear headphones
ae4b9d86-dd63-46d3-b249-d9482b353200,rice cooker
280fd973-8a34-425e-89de-395059c3da9a,stack of textbooks
b7124a14-b1b7-49de-adb5-077af9e0b618,winter boots
9cfdd050-dfde-4641-8d0e-e847ec7a9175,usb cables charger
398c17c9-c1ff-41d0-89ab-558c82d5c0bc,water filter pitcher
4be14f30-5576-4bd8-b06b-705dd36301f8,chest of drawers dresser
ac47bc4c-991b-4962-bed0-a6008f9c6d47,cardboard moving boxes
adec70f4-3f12-465b-84d2-ed0b0cdec8ee,electric scooter
412e26f7-d374-477b-bec8-a5ac5aeee079,wooden bed frame
029756b4-f122-4907-b384-fdbd36043f2b,pile of books study
b32179a5-4fbc-453f-b126-ae524ef3cadd,wooden dining chairs
f59531fc-0ddb-4002-87ba-d1d4fe2140a5,over ear headphones
997a9f44-6338-438a-a829-c3e4d1ebcc8e,wooden dining chairs
321f6d02-b13c-4ef7-aae1-fd952a60eb5a,mattress bedroom
bd261f82-9e90-40df-a7e7-8edd21841421,curtains window
6fb96efa-c9f8-47a4-9a65-3068bc99a94a,kitchen blender
68b25b5f-4761-4e90-a8c0-02d67caa3683,usb cables charger
3c72eb92-759f-4f4f-8df5-fe6cba342c02,bicycle pump
a84a88e3-ed94-4edd-93f1-3bfeb13aee85,wool scarf gloves
3dacb498-3be6-4091-b125-4c35f45ce264,spiral notebook binder
bef37b11-e3f0-451a-b3e8-157806234c5b,standing desk office
1615dca3-417f-416b-8d61-e1244a4a2fb4,oak sofa couch
5f71020e-90c9-4757-8438-a28bf996c233,college textbook
88b74e6e-e758-46f9-b824-c614c955ef66,usb cables charger
1ece5efc-9825-45a3-9874-55ad8dcefd36,usb cables charger
06eedb5e-eb0c-4173-9bbc-fb6533f76281,vacuum cleaner
576dd58d-57c6-4e11-a4bf-fd6767f5c5bf,kitchen blender
6efbca53-c960-4bb8-b015-44ad24611c8c,shopping trolley cart
30fdfafe-3c3f-4ffd-a8c2-435cf572e3f0,pile of books study
7001eced-81cc-48d6-86bf-ccd5bc620ec1,standing desk office
7716f115-f514-4ba6-83ba-6a9b6648df85,usb cables charger
ab560da3-0bd6-41d0-907d-b07c05a7ac61,spiral notebook binder
7c8735ef-00bc-4329-ac8c-78be73600614,small writing desk
a0a79a2b-d919-4bc5-8e3b-4ccd67965fb3,mechanical keyboard
0c3dd19d-64e1-4c6f-84d3-97ff49704e92,small dining table
1a368823-a32b-4755-99ce-e387582a693a,wooden bed frame
9f12037d-c412-4675-8a06-655a578a9531,wooden bed frame
152e377e-0c97-4ea2-bacc-90ad6f86724a,coffee table living room
370c7ce1-1dc1-47a0-b24c-00eb998220f3,small writing desk
fc8fc21e-61d8-41bb-a62a-cfa509cf3edc,wool scarf gloves
3bac5c73-ae8e-4a74-8ed5-8568da0dc74e,winter parka coat
7d89e19f-0e54-4189-b610-2da5d1022eb6,grey sofa couch
e15e1fef-31ab-4c14-8c72-133a2356f290,desk lamp
b865a300-0682-4c9d-a7b4-725f8e9e100c,over ear headphones
c259858e-b2e9-4c68-95f8-5251d6605b9a,college textbook
5104c04b-cbaa-409e-af93-b79adbf09765,tennis racket
b96f1e84-489e-4162-99c0-ccdc52e6e012,standing floor fan
0dbd51e4-3a9b-4807-a9a8-7ac99d93cf48,wooden dining chairs
1d832c18-61aa-413b-a316-1c2a82cc6280,coffee table living room
efdfd867-c082-4542-be2d-d91f14ca5f6f,basketball
2157db92-7ed0-4b07-a223-cd4257c59704,weight bench gym
1266d7c0-db66-489a-8429-1e488673959e,mattress bed frame
a043513d-61fa-4fe1-96e6-26b76d0e6846,sneakers shoes
d92c0c90-e701-4b62-9b05-7f8143d3407a,open textbook desk
389ae361-5fd8-46b1-a629-43e0f92973d9,winter boots
b6dd1dd4-9925-4164-83e7-c9fbb3747604,shopping trolley cart
42f51fa0-a170-4df1-8f2a-fad9205ef216,spiral notebook binder
6688f72d-c932-44b8-b55b-39798cb3f298,coffee mugs glasses
42d6bd70-2095-4b16-8a59-5606a1834209,small writing desk
16cd69f5-802b-49b8-86c9-05c6e04bdeb4,wooden bed frame
e4cb58be-6e31-4d6b-af33-496b6be0b713,kitchen blender
609d84ba-c5d5-4d6a-8e81-53f5830e6806,small dining table
75eab33d-073c-414a-8aa8-ebb3a1393c22,dinner plates dishes
fc08385b-878e-4380-95e1-3f6a1bf13a6b,spiral notebook binder
2251f4f1-ebeb-49af-a625-098151ae2abf,rain jacket
672cb9a8-23b2-417f-8f10-6417df21a9e9,birch wooden desk
c45b1367-fb75-438f-9450-27b0a2b7a562,chest of drawers dresser
bc39b2de-20b7-4ad7-9329-3580d531ec90,electric kettle
0a4fa256-29d0-4908-b841-38e9d911d00d,kitchen blender
8cdffc3e-c9a3-4f78-a471-b61cc707157e,small dining table
fffb85fc-2c3f-4152-a432-d3199583a261,kitchen utensils
557fe4e7-26cc-403e-8469-e9d69452361d,open textbook desk
dcb4928f-33b6-4baa-9612-9d88407796f1,coffee table living room
93039c0f-b5c3-4a99-a536-72ac922fdfd2,dinner plates dishes
3062bce7-7812-46ea-897b-c6f15cf056b2,wooden bed frame
91e04afc-2cf8-478d-ac8e-0fbee2879c76,tablet device
c23fc4b9-9fb1-43b2-8215-4467e363b1e3,small writing desk
0bfba5b3-6d54-4b29-a0e6-f2318ae1f4ab,wool scarf gloves
e4674562-846d-48dc-aeb9-1a8161f58f2e,computer monitor desk
7febdda4-d4f7-42c1-8a5b-3b2a32aef295,tablet device
aee5bcfa-4624-4b60-9453-d7d56d1174df,usb cables charger
5a50114c-6798-45b6-b9d6-7b477ee4d8e2,wool scarf gloves
712ef962-5cb2-4067-890a-4d2ebc88829b,desk lamp
beb1905f-7c6e-46ed-bbc1-f0bc0bfa38c3,walnut sofa couch
08649c76-8769-4532-b369-e289602aded8,chest of drawers dresser
eca7fe1e-4990-4fc2-9085-43d2db37d456,coffee table living room
b4f324ae-364c-45bc-a160-7da2215778c4,spiral notebook binder
f764070f-55d8-4eaf-9b11-3ad0678dfbf6,mattress bedroom
9a9f7d77-7db2-4fd4-91de-c78f6932ca4f,air purifier
a2ed0f5d-3df2-46cd-99be-e5535ce5ffdf,chest of drawers dresser
8e9ae8ca-7c26-4a8d-b0a6-eff88336f4b7,pressure cooker instant pot
5945a9d4-8ad4-417e-bffa-756e68f01558,black desk chair
4bcc6007-213d-4198-bf15-b9a9023173b5,spiral notebook binder
6c4c8622-b974-4dcf-9b5a-af9cf7e8d465,cardboard moving boxes
606a700d-e16b-46d6-8e1e-c87ae80b6418,over ear headphones
0a399b20-d557-4a77-8b5f-c832b8be6e85,weight bench gym
b1981369-5135-4d63-aa37-322aad15b522,chest of drawers dresser
34ef984c-4ea9-4374-b2f6-3f793ce0f059,open textbook desk
6621b3ed-bc8e-48fc-8e44-33eb89a077fd,winter parka coat
199f8bed-5190-42b9-bacb-3306f54e58ce,chest of drawers dresser
6ab02d93-42b1-48c6-a169-1e7fbcc949dc,clothes rack hangers
e6041906-be32-430a-8f07-8c61b9233e62,walnut desk chair
c9f28486-4d47-488b-a596-0da5289a1072,clothes drying rack
e9f51def-4389-457e-9db0-64a86afbfca1,computer mouse desk
9b19c252-cbc4-4875-9f34-93df5c1d7c2c,coffee table living room
22d0b677-ecea-400d-9223-2f2ac8b08060,winter parka coat
f36e3329-315f-4fa2-a8f2-c563910e25f8,open textbook desk
84d07318-95f3-4b45-ad08-949ed1fd7fee,road bicycle
c1dcd116-4542-49be-bf32-649f2ae2e798,over ear headphones
ed675333-3218-4c45-b22a-3e3edf563e1d,kitchen blender
aed382ee-6829-4ce8-86ca-7257b5346258,small writing desk
5ccaa373-9328-4f94-8005-07b7936d3b4d,spiral notebook binder
416b960c-c38a-46e8-80b3-c43c0e73362e,water filter pitcher
2a1724c5-17ff-4fd0-8442-81367fe8ca91,college textbook
1fd0e030-7d48-46bc-ac61-75e514bd7797,clothes drying rack
bac77772-4323-42b6-9f1a-5a5afc2ed2a7,winter boots
6d94b59d-2c1f-4b12-8c4d-151c433a5164,usb cables charger
193c401e-dbfc-42c4-a10f-3f5b06a793f4,over ear headphones
9049ddb2-32a1-41d7-96ea-ac7dd0b38b7c,black mesh office chair
c689e698-03ef-4fc7-a8fb-d323d991ce9b,wooden bed frame
eb6c8244-e4a3-492c-89c2-75851ae9b4ee,mattress bed frame
02d000a2-a5dd-4fc7-9f7e-9a17e1147272,usb cables charger
6f9b4eb7-37bb-43bc-b471-65ee84f3d386,computer mouse desk
ba86ff9b-f682-461c-bb7e-765db88095ea,mens suit
bfb932c4-a30b-4fa8-87f0-557d11ecb143,winter boots
9426c147-9b49-4a22-836b-39b4451a668f,pile of books study
9452e227-fa98-4d50-a087-ca46ee33c27e,desk lamp
2a6a38c2-6a50-45b9-8fc3-40d1a4358875,mattress bedroom
d9cdc362-001c-4546-9418-9b9c386b0b9a,shopping trolley cart
689190d3-c7e2-4f76-9d1a-72fbaebc2b8e,over ear headphones
068c5aad-45c7-4b4f-81f5-13441f0468d3,weight bench gym
c0451167-9adc-4d06-835d-5f6341dbcbc3,vacuum cleaner
bde5065d-e430-4473-b220-ed895a6d7ad0,e-reader ebook
892887a8-58fc-4901-a712-fc99b3bd1075,chest of drawers dresser
660a3471-63f6-4f16-af1d-e966e42a1231,stack of textbooks
fb34a5da-80b7-4104-9f54-ee41d1273bfa,sneakers shoes
b1c69fc2-754a-43ce-b5ed-538262806192,white desk chair
81abfff8-66a5-4d4f-be7e-a1e16cb12246,kick scooter
d058007e-3a74-4caf-8fe3-b7eb38ea5522,open textbook desk
2dbdf992-5a89-49e8-80b8-573e34896451,rice cooker
e072bf0d-373a-4f35-82aa-130bda84aa75,open textbook desk
8f0324f5-8367-4393-a23b-af38200f9105,laptop computer
dba253f8-2e6a-4135-9b40-3a84093414de,toaster oven
7a955753-58f4-43a3-bf76-2d736fc55a2c,bookshelf shelving unit
92347fa1-c88b-47c6-bcbd-9daece3c129e,small writing desk
90632ec4-7ac2-4ef4-a864-e9fab00737cf,bookshelf shelving unit
f9a1259b-d50c-4f9c-a7c1-1d410cad1e40,bookshelf shelving unit
2d4b3ae1-1b3f-43a0-af7e-084156661d0a,computer mouse desk
7754183a-5dfa-4b25-bb03-de6f550ecc84,wooden dining chairs
7118096e-b2e2-4f26-b538-32b10f31107f,vacuum cleaner
0a9685dc-4dd0-48ba-b446-7267de5a4d74,coffee table living room
d82ee3a0-db22-4ff8-b493-5451c014d750,wool scarf gloves
2e9f20db-1075-4c53-8938-83f5af6bd05b,microwave oven
fcdb54f3-6a55-4cf7-9453-bdb3cc127303,e-reader ebook
2c4b8170-5975-40f6-a2f3-a338c635b257,bookshelf shelving unit
647e7aec-eb84-4df0-bea7-8011a82cce25,chest of drawers dresser
4c49c066-0b2a-4cbc-947f-1787c7727f36,open textbook desk
bded8459-ea47-4122-9ba7-5add8a85459a,mattress bed frame
b9c185fd-f5b3-4665-a512-76e5aa641dff,winter boots
c0e93cf7-6305-415f-88cf-e6a8c25ae351,vacuum cleaner
66690ba6-5a00-4690-ac78-70de682e40bd,coffee table living room
72e828fa-8feb-4430-939a-54835f9949d4,laptop computer
cb270b00-9416-4043-8668-a73f897867ff,college textbook
70baaa10-7881-4ed2-bd69-11754025dfe5,wool scarf gloves
d916a321-e749-4fc3-9ddb-537d352b3a90,computer monitor desk
80235f5c-bf6b-4380-bb47-bb9b2f1e1331,bookshelf shelving unit
3d683d67-f2c4-4848-951e-80bb6c93d926,vacuum cleaner
1df1670e-37ad-467d-bc1c-5bd9aecc8a26,standing floor fan
8e8eba10-09ed-4736-9283-5f89aae2cb09,winter boots
01f91ba7-043f-41d8-b076-ef72e4bf1283,mattress bedroom
8e1ec806-b630-4746-b1b8-df19896740ea,college textbook
01bd4867-9d16-443c-ad41-2dc7ca977e2a,small dining table
c025dee3-13ff-43f9-9769-124cd8994617,electric kettle
9ad1131c-049d-48a3-adfa-595031522219,electric scooter
19a55ba4-bddb-484d-9308-968afbb828c8,bicycle pump
a60ebb52-ea82-494e-9e32-b81dd123d9c4,wool overcoat
66175e19-b94f-4b41-b81b-fec1c906a688,stack of textbooks
f7ee3b82-92f3-40bb-b3a1-39344625e48c,pressure cooker instant pot
ad376ae1-10dd-4574-a97a-54be5ca1c9bd,oak sofa couch
ba28a753-a759-48f1-8644-c01c43faa1b0,computer monitor desk
978d70b0-3b70-429d-b57b-d1b883453a1a,electric kettle
928ad995-a6d5-461c-9305-ba6d0ed54768,mechanical keyboard
58a67f62-a6e6-49d8-bd92-252b7238212d,small writing desk
aff3ff09-c42c-4292-85c9-2363dbf90304,mechanical keyboard
d235ecd0-8b78-4359-a79d-b7a1e747bcf0,college textbook
2b1746e1-4305-4c1d-b902-bb71b2c41523,sneakers shoes
59c26a25-4dab-454f-a26e-434e90a1d0e8,bookshelf shelving unit
bf7d51c7-bebd-4a48-9fd6-a004af14429a,oak desk chair
46940786-3094-46b8-bb5b-e602722227b4,stack of textbooks
230f0458-5db1-4c49-810c-ca5ac89508fd,oak sofa couch
5e844357-bae8-4a4b-bd09-66153432efbc,rain jacket
62d5d672-07bc-4f83-a4c2-6fd658507dc3,white sofa couch
34d28842-3797-40a6-9981-0d8c3a15c1c6,rollerblades skates
ed6d0592-e431-4259-8ebe-be4895f009a8,chest of drawers dresser
b71be9ea-43b1-439a-8406-14ef4e12de19,rain jacket
4134ba8f-4c41-4bf7-9aa9-9fb73ff62df6,weight bench gym
a0e1f800-fef8-4401-a551-dab2603053db,road bicycle
883d0947-f619-4727-93c3-cb9b470324bc,black mesh office chair
8c400407-3e6a-416b-8e9c-3b7065358894,black mesh office chair
4fa6fd0d-4483-4969-bef9-2c4cd5918dd5,spiral notebook binder
79ad5dff-acd4-4be3-8c63-3e68021fa5e0,air purifier
ca8a635c-f20f-453e-9487-9a0915923f85,small dining table
82ce3bcd-69bb-4de9-b444-c8270535d203,white wooden desk
3974229a-8d47-411c-8531-4b3dfe49a4b7,mens suit
c6eb18c0-abf1-4417-b95e-5d190a88d053,clothes rack hangers
5cf9b13a-63c9-4c21-a40c-ed67b13873f9,small dining table
8846d38d-9084-4cf3-8f52-0d15448bc416,mattress bed frame
05040bc7-f8ee-473f-9eb1-906cef0fa0e2,black mesh office chair
c047b1ac-3ee7-40e7-91ea-3cd667f0a668,mattress bedroom
993ffc27-c30b-4681-930b-4759a019e1b5,clothes drying rack
a7d6200f-1865-4d9f-90b1-7762faed505c,wooden dining chairs
d2b5b8e3-507c-4155-a305-227345239a37,college textbook
513654a7-4216-46ff-b41f-87d31cf46d42,college textbook
11b76283-d542-475c-b455-1253728448b4,chest of drawers dresser
3a732644-8a24-4838-982a-cbd3f1fc5448,standing desk office
462cd314-90c3-4105-a75c-18f4fabc42d3,college textbook
8a00136a-d41c-4575-8542-db2e00102100,mechanical keyboard
6e9da79b-454e-4553-ba8f-3c917bd8339f,black sofa couch
78baa83c-e631-492d-921d-97f209627a79,vacuum cleaner
f125e869-9452-4b99-8af0-5ee1a1dd4ee1,stack of textbooks
2d3ae7ed-8571-41c6-99b9-7c7877b19c37,tablet device
619153b8-e544-4d57-87b6-e71e0123faaa,black mesh office chair
1bb70f6b-9252-425f-b545-18b462ccb0f6,bookshelf shelving unit
515cebd0-9aed-4531-af61-a14df3c4a443,mattress bed frame
2a4df85a-3a65-4773-a6e1-14563eef1f9d,mattress bedroom
84ecd74c-95ed-48d7-80c9-78cc5fdd05f9,dumbbells weights
1ba8618c-e034-435d-b8b4-18469a5e3163,ski jacket poles
bc03a378-f45b-4e5b-b410-9bdf34272a8e,spiral notebook binder
52c72498-fe45-41aa-bcf6-83c0926502a9,pots and pans cookware
af47e185-33a6-4110-aa6f-2e5a23bdea01,spiral notebook binder
d9d989f2-344d-44c2-be22-b458df17d9b8,beige sofa couch
78adfbea-be15-4b86-b26b-dcaf3b6e8f1a,spiral notebook binder
3b474677-507d-4dd5-b24c-8595e456806e,spiral notebook binder
6e3e9727-f6c9-4237-9f8c-ad4764579c2d,black mesh office chair
3888dfd5-f523-41e1-adb4-ca302e91d660,kick scooter
a093a396-16cc-4869-98c4-476052666830,toaster oven
6b918454-25fe-41b6-82ac-ea1696e736ad,pile of books study
12e89967-cf57-4544-aa9c-b570e9ebc3bc,college textbook
222a7447-ee5c-4ddf-af89-a80ab6e1fc3b,pressure cooker instant pot
52a96df0-7de0-4e84-802a-23c3a9582670,rain jacket
a0001900-66de-4652-8e4d-d44bb4753edd,shopping trolley cart
65305852-c0a6-4f53-b757-0e4776f9e567,winter boots
eacef840-80c7-4ed2-9df1-eac9607b6c3e,air purifier
6ea3b8c9-ce5a-4428-be8f-fbc2529148be,usb cables charger
009c80a9-a0c8-464d-a874-4485b182c204,bicycle pump
e13813c8-7638-4b40-812c-a227d312db3b,stack of textbooks
7fb175d5-e9d6-49e3-a20b-dac02d35a9f2,mattress bed frame
aeb4eab3-8cbc-4050-9be7-bbf4e7cff6be,shoe rack
e892cff7-3eb4-4dad-a846-01f85ccf7080,small dining table
21eabb40-84ea-462a-8033-4880f593fe57,wooden bed frame
9e210195-bfa6-4d4a-b184-8fe88bda5812,espresso coffee machine
123d9b0b-28ab-4140-8be5-76e5fc46bf50,kick scooter
a398d554-be72-47c7-aaf6-18caf0a0d108,tablet device
8e46eb0e-804c-494c-be1c-18025e1baa6d,rollerblades skates
33b9e1e5-4700-4caf-898e-e56f5a33b7f8,open textbook desk
707c402c-5eac-49b5-8895-d7c450124465,birch wooden desk
9719c884-1436-440b-8384-b8e3ba08a845,computer mouse desk
4e9458d2-a4f7-407b-a820-09819ba51ac9,pressure cooker instant pot
8fa6abfc-d3ab-4378-92c3-c6495a544c9f,stack of textbooks
f81e34ec-e0c9-4cc9-9849-027a96eaf091,spiral notebook binder
c1cafc2b-f3df-4a36-8fbb-292b9a8cb8e0,black mesh office chair
9f351a58-20c0-483a-9640-f10d45e5e9f7,wooden dining chairs
ae9e383f-e55d-4d8b-a241-ccf60dc00aa4,laptop computer
923fd331-f61a-4e19-b4eb-1c50ab31761d,dinner plates dishes
3d4c6e40-2252-4854-80c2-3f91546d9c3d,mechanical keyboard
2ffa769a-592c-4d05-8540-c8a7e8b46a89,espresso coffee machine
ee4a25ca-cebd-4772-a399-debc8d10ee4d,open textbook desk
7eb45f70-a092-46a3-aff9-5a277685a321,computer monitor desk
7dec7057-4357-4422-86c3-a8a890c704b7,spiral notebook binder
4a810722-7814-4bc8-85e1-8af51ebe4810,open textbook desk
666c46d8-0d81-4383-9c6b-70c8495e2af7,pile of books study
111acafd-109e-48af-92b3-ffa3926d74e6,over ear headphones
d8980430-714a-4114-8ea7-c45b78400852,espresso coffee machine
b0f498a9-866b-4f9b-a9d3-d277780bdb20,pile of books study
62d6a39a-2c77-4850-8421-a77b951f7e25,clothes drying rack
08055655-8fb6-4fda-953b-331b839cd28a,walnut desk chair
6992c696-9e50-4013-b537-fdf12d8a8d50,computer monitor desk
18286ce1-484e-4c7e-8910-cb4f345f5e75,chest of drawers dresser
551f6f8a-3060-42ef-84a0-b1dfe9a02355,wool scarf gloves
25b1fbbf-933d-4150-97a1-d9c0cb769058,over ear headphones
76523ad9-620b-4649-8d3b-963e3256d884,laptop computer
6f882891-0391-463e-b5ef-fd5844c90317,clothes drying rack
b6ca8416-77bf-4464-a406-cef96ff0ff7c,college textbook
fc497886-92c4-4a5f-917f-1363ad8c7936,pile of books study
9c2277c6-c135-4437-9ee0-f668c9f8a154,chest of drawers dresser
a4be9dad-0983-4f26-ab8e-ddfeccdef484,laptop computer
5f1088d0-5636-402b-9c25-b5a5c3bb9510,winter boots
d35fb347-33c2-4c1b-9b8d-10460c451c09,spiral notebook binder
240141c9-63ce-49cd-8455-b5834065836a,hybrid commuter bicycle
2d8833f0-0dd3-452d-b940-83ec4ddd6caa,black mesh office chair
ce9a93ce-2287-4a99-86f3-a682ee839146,bike helmet lock
676cca08-ae3a-4344-a4c9-cba988396b91,mechanical keyboard
25ca5795-facc-49bb-865e-a858685bb3ee,clothes drying rack
9c52f18c-6734-4c1b-9fff-5051502c2efb,small writing desk
ab5b2f54-0e5f-4227-a1d9-274962ad55b1,full length mirror
fd1725fe-31f6-4a35-9484-c741c7fbebbc,usb cables charger
f6c2aef3-5efd-489b-b106-6ff9215224e1,spiral notebook binder
4b0db089-b073-4912-ab4e-e247d93d0a66,vacuum cleaner
83679ac8-c486-4274-805c-ce0ac1ac9970,small writing desk
e64c68d4-846b-4e12-95d0-9a3807341ee7,walnut sofa couch
56363f5a-36b6-407a-98c6-afbc886dfd29,open textbook desk
793463f6-cec6-4a3c-b41f-02453c501b06,usb cables charger
42d5dab9-f05f-4f6c-b341-14d9f4aaa12e,sneakers shoes
b41d8d06-5e4a-41a3-81b5-dfc6afa19c46,stack of textbooks
54641876-9be8-47d3-9c1b-d3e5ea583b7c,stack of textbooks
270f7090-9bde-445b-83b4-0827df2c7cc2,over ear headphones
a8441b89-3e1b-40c5-9a31-caa91f751706,hybrid commuter bicycle
e5646805-8b58-489e-b1a4-88ae429d3e93,over ear headphones
4fd6ad7a-e61b-4da6-ac8c-08055d5f53de,ski jacket poles
bcad60d1-05a9-4cbe-90d1-0763d0697f0c,pile of books study
3c3763ff-d79a-4844-973f-1f165d7965d2,winter boots
deb8c97e-2718-4f90-bfd2-fcd624b9646d,college textbook
0caa2983-cfc2-4cb5-9f2c-641dad51586a,wool scarf gloves
44f6d201-0f68-44dd-b0e6-8995bf9d58af,stack of textbooks
2eaf8d9a-9e09-483a-9755-9f6f83a00790,kick scooter
9c9ad74f-52c9-43ec-942d-8e81b8e565b1,electric scooter
c31604d5-8907-463f-b44d-5495b96f0364,pile of books study
ef77b50d-023d-4e4b-a6d1-0b1c63b0544a,wool scarf gloves
4c36ee05-19a4-46ca-97b0-e9c1f05a9cc0,wooden dining chairs
31855c33-4a5d-4541-a625-05c472f49f20,bookshelf shelving unit
afc1efd9-06c7-49b6-b1c6-f1791e708980,wool overcoat
535c08c7-7d33-4af0-a722-c8878ff7f388,sneakers shoes
fcbb9bdf-0b3e-47b1-8328-d6a0047f2ac6,laptop computer
69f9a1cd-ac7e-4b27-af2b-5048e146a581,mattress bedroom
1444edcf-cf38-460d-9e96-2bbeea3e0543,stack of textbooks
164f73cf-f3f9-4f37-8b2f-a8672d0aaec8,open textbook desk
ef41dec1-5922-4f0e-94aa-a87cd8e8f8ab,mini fridge
708b3d7e-c85e-4b41-8dc5-cad52ef764ba,small writing desk
d643bed0-9991-48ab-82ed-e7046251c3e4,mens suit
0041abb8-dc84-430a-9fc9-30fcf056bcb1,dinner plates dishes
4323a6e2-b956-4d7b-98cb-cfcc542cef70,kitchen blender
1a72aff4-c91c-4131-a4fb-a6d8cfce67fa,computer monitor desk
26f4cb37-38e9-4540-8ef0-d5d0bb69299a,college textbook
9119efc9-cc31-408c-b66b-362321ee449f,standing desk office
59881e2c-8a43-41c2-83ba-1c09e386c4cb,wool overcoat
4a97fb34-0684-4093-8f48-49c80ae57d99,beige desk chair
bcf191f3-0904-4598-9e9f-a4771081809b,small writing desk
4d0a65ad-610b-4ea3-b7a0-d44fd41df94a,electric scooter
cf37f88f-19be-42cd-be98-37db9f6243e1,pile of books study
0ec959ed-9cec-42c9-965e-78c26eaf23ab,pothos houseplant
3bf26546-854a-49e0-a0d1-a61c966ab126,open textbook desk
fb5a979b-a1ca-4922-aac3-593e7c4996d1,standing floor fan
894b2459-b2ff-49ce-816e-ab0c3e415187,pile of books study
427e42f8-ff2c-4e88-8785-be511d76e4ec,computer monitor desk
30b37eb6-1bc4-41c8-9bcd-065c35cf3998,sneakers shoes
1e80c500-64d1-4ab2-90ca-87084c1f1a23,over ear headphones
cf07eefb-10f7-44c5-9dc1-0ca8531ebc18,tablet device
51ae72d6-3cee-4620-9e2a-212fa5e9b5d9,pile of books study
7267c9a9-1bb7-4652-884f-d5df4c85192c,wool scarf gloves
b46377e6-0742-4982-8f7e-3ef42d0b8fb3,pile of books study
318e323c-e61f-482a-921a-32b61aedfc17,electric kettle
b92c0710-79c7-4c48-82d8-5b92481391a3,college textbook
43207b2c-23f3-4f54-897f-559bb70f6032,small writing desk
9ee076c8-9170-4da0-bc76-30f9c82f2175,winter parka coat
7e26b2e2-de8a-40f4-9242-839f956517c2,winter boots
21b2cd07-7699-41c5-bf74-f9eb2bacd9d0,black mesh office chair
0edeac43-6ee1-43a4-8291-b1b836bbb345,mattress bed frame
b2f69dc6-923f-4a65-bd90-253c15f90ca7,usb cables charger
f74d22a5-1713-4460-8ead-9048ba3be5ff,pile of books study
46617bea-3005-4822-ac45-c73a66efe15e,spiral notebook binder
4ceb3a8d-ff0c-4c3b-b9e3-02cfd952094e,wooden dining chairs
a4fa48a3-3418-4cd6-8fa8-78c687688c4e,road bicycle
d6adbca4-5e2d-46b6-ba4e-c43e1f50e0c3,winter parka coat
ce773135-8084-4455-9d83-31e921b6bdda,computer mouse desk
a4eeb354-6f1e-46cc-bf11-a1a3953a5b8d,yoga mat
d2a82284-578f-48c2-911f-90c4c9cfc6c3,kick scooter
150a5a10-017c-4ac6-bd2c-ae7dd39d7290,clothes drying rack
88b269a7-3a2f-48fd-87df-6dd64d9ec756,vacuum cleaner
b16aba42-8303-4896-851c-2b636cb387cc,wooden dining chairs
f9b45913-3e80-4bf8-83f4-5aa8424a4d75,small writing desk
3ee98c7c-6680-4959-9db3-bc51a8f98772,coffee mugs glasses
28e80ccd-e82d-4829-b4d0-341f57d16e6b,college textbook
3380f717-ef85-4c3e-9c91-5dba84f01fab,sneakers shoes
d7c8b283-3689-47b8-aaff-4a6ddcd89f3c,chest of drawers dresser
8d164539-6279-45fb-bcf6-759b6f5aac16,standing desk office
00f5b599-b0ae-46ec-beb6-4a9c3516883d,sneakers shoes
0facd74b-1cde-4cc4-a0a9-933dc5ba6849,water filter pitcher
ba86ed82-d8c2-4b3b-83dc-ce63a5dc1385,chest of drawers dresser
35ed3a95-603c-4846-b011-ec9b22e15446,coffee table living room
c42d0ae6-e163-4efd-8c12-619c1070c8cc,mattress bed frame
e5d22baa-486b-4027-a186-66f259469b28,mens suit
7dcd3adf-d3b3-4598-9de2-a6209da0868c,open textbook desk
286cd776-c173-48b7-b24e-46ae63772270,winter boots
1ad0667c-bccf-4856-a1c8-a35e70af9972,electric scooter
090f111e-0b60-405a-b250-08fd3900795e,mattress bedroom
fdfd0824-172f-4b4a-b278-6eb35f13e393,desk lamp
476e4533-c91a-402b-8ebd-21a42412c09b,shopping trolley cart
2918e7b7-6524-4908-a55e-eee1017ef0b2,yoga mat
9ac1f73e-0bf2-4654-9107-a0eac581b35e,pile of books study
bf75d332-ca89-482d-9db0-19c155ffc804,winter parka coat
61688917-6682-4106-8885-1e6491e073bd,birch sofa couch
4f52d9b2-4918-4bc2-97c4-496290fe0646,electric kettle
9422b3c9-fcb9-45a9-a98d-9d75f872adad,college textbook
502d088a-6c9c-4992-948e-48a6f24d9d7d,laptop computer
9d9489da-1d9a-42f3-ab72-d36d4a9a0a14,coffee mugs glasses
aa09c604-53d7-4e79-9ee8-b1e773fae2c8,desk lamp
d61d7f03-a081-4990-bd17-00cf30d20b88,computer monitor desk
99e28307-9a8a-4b2b-ab00-675b42077763,computer monitor desk
9def5d2c-0972-4778-a051-9299bd98ad31,laptop computer
c8f837d8-1ae3-482c-b2a6-4ca0393af822,laptop computer
91d3319a-e561-42a3-8e64-32594c9facf7,small dining table
6f9011a6-36ee-41a4-89d0-60716aa1ffd9,electric scooter
751cb8a1-c85c-4e6b-b02c-317f5e7b3a6f,college textbook
eedbc9e5-4170-412d-a60c-70be4864340c,open textbook desk
2b139452-5de0-4b12-81fd-23e6cb38c478,over ear headphones
689c62ac-0e0b-4190-b53a-5757350d0884,small writing desk
e36a37ed-8ace-4cdd-abea-494a9c2c0ab6,laptop computer
c76709ff-2909-40a2-ad54-2fee62ae4557,college textbook
5e6afdfd-1248-4fc4-b4c3-e21ac98231cd,stack of textbooks
6a1833b0-7f62-4e76-8e50-58b9712e99bc,hybrid commuter bicycle
75ab175e-bac7-4c1b-9ee5-3bf66bc76c71,college textbook
d0e5a8c4-6596-496a-9c01-f1b2f57293ad,small dining table
19c12ee6-9b78-4e39-ae0f-14932788e2e8,bookshelf shelving unit
c412dbe2-2164-467b-85fa-ee361c57a270,vacuum cleaner
62ce9f64-d6fa-40d0-a935-665abda3f254,bookshelf shelving unit
9eff4bb2-f0bd-44df-9ca1-1c4084f0eaed,small dining table
cc009481-54ff-4466-a6a5-af2a1e9d92c2,college textbook
fc8b3fc6-a32b-4f33-a353-4f2a174e99e0,open textbook desk
599b6740-9f86-4987-aecb-398e8d65329e,mechanical keyboard
3ed96cdb-a5a5-4478-80d9-2a2af0d6df27,stack of textbooks
e55321cb-3449-4ccf-a874-96c600368221,oak sofa couch
bacb60c1-53c7-4659-a219-7b2d3d903d3f,desk lamp
e3782f47-3eb7-4e7e-a42e-d0c807c101a6,standing desk office
644d9189-0096-4c8c-8008-6eae6d15f8d8,usb cables charger
a95e1201-c84b-4144-9447-c1ebb7949fa3,standing desk office
31736ac8-403b-4f1a-830a-c60231b318b6,shoe rack
c6c3004e-120c-4843-a01d-77f2c92247cb,wooden bed frame
f0058471-caee-4d41-b205-f692b51311e2,vacuum cleaner
ff8f6698-3158-4fd4-aa5f-61d000fafdbd,pile of books study
79a92a7c-8cf5-40de-9fd0-799a73e2f664,stack of textbooks
b5956df7-862e-45fb-8fac-9361339cd87f,wooden dining chairs
5f9f43f3-c10d-4a7e-8090-cb704c5feabb,college textbook
09cc12f5-e90a-48ae-b9f4-a99d2a9418e4,electric scooter
7f412798-7f7a-46fb-9512-45b312967c80,mini fridge
e9d5ed0d-c2d1-4bac-a6a3-8395af12b6e7,small writing desk
77a4ca41-4f8d-46b4-9200-89307bb0e00c,pile of books study
809d2eb8-0172-4893-b84e-073aceac5166,stack of textbooks
687618a3-714c-4f4f-bd20-7b1c376d7a90,mattress bed frame
39ed1c42-83ef-4dc7-9b13-8c6b85440ec3,rice cooker
90fbc26b-cdf4-4c08-97ee-f3e04fbc37fd,wooden bed frame
98c6c6eb-9bb3-4e12-a383-a7de68f859ce,winter parka coat
dc874142-f66d-46d3-81b3-bc2c23858a14,usb cables charger
d5bdc74c-5363-4048-86a2-d4df478d25e3,standing desk office
a4425211-989f-469e-a720-479fdc47b9fb,electric kettle
9db87b13-29e0-47f4-b131-ce8058bb263f,college textbook
a78064e2-3384-4277-8814-eaba19652e89,black mesh office chair
282068fe-7718-4c20-b539-68c9f262c647,mattress bed frame
99107c05-c40b-4b6a-a328-b66d4ffb7e0a,laptop computer
fefb542c-a0d7-451c-933a-c9279b827840,wooden dining chairs
502a15a3-271b-4bc5-8eb3-a8c0f97f65af,winter parka coat
9f05147b-d8fd-48e6-9f0d-7f4074e6deee,usb cables charger
628f299f-7fa7-4f2d-97f3-e8adc3bec4e9,stack of textbooks
6a8fcde3-f919-45ff-b262-1088c83a36b8,computer mouse desk
78bcddd0-7815-4124-bfb8-8ec2bba235d7,spiral notebook binder
8efada10-ac03-4674-b89d-a92e0f63d2f5,open textbook desk
79706abb-299c-4f5c-b185-eaf235a37d90,water filter pitcher
a5b34f8b-9517-4492-8f91-c908f68e86d3,ski jacket poles
6b4ee0d6-885c-496f-ae44-dbe862504b07,computer mouse desk
5b6e5def-9009-43c3-982a-84cad67864d6,mens suit
d923b91a-40c0-438a-b40b-29c7902225b6,usb cables charger
6a374837-a036-4421-bed6-b227d17c3ac5,birch wooden desk
6de01a7c-0cb7-41df-a2d1-031ea7dd4a17,electric kettle
04ba1ab5-c6b0-4c9e-9067-38786b64bfdb,chest of drawers dresser
f2ca22d8-4029-4fbd-b257-3d3f455a6f56,stack of textbooks
d00b23a3-7adc-40e5-9bf3-03629e930400,computer monitor desk
3f3fd737-d9c2-40a1-bf59-d3296f79a021,water filter pitcher
ccb96b1e-4725-423a-b09b-857cdab5a545,shoe rack
8f2bd50c-8fac-42ff-a0e3-bac734c6d1ae,cardboard moving boxes
a1c5afb8-8fec-485b-b2ce-06bd965601db,wool scarf gloves
89af548f-7c77-4f21-8a22-790fc02ecf83,mattress bed frame
48a5d80a-b900-4f46-99e4-31b95130c1b4,wooden bed frame
dfa3d0ad-80f9-42be-9116-d2ce314649b8,open textbook desk
b6debece-8c1e-4099-80c2-f5bfa2207d5f,e-reader ebook
744184ed-d43a-44e7-ae4a-088331862719,toaster oven
9ed0b669-6254-4c63-b17b-73bee1aa4cb1,small dining table
3a9c9cb0-9131-4aee-a264-7eb2b019df8b,stack of textbooks
d54da4c0-ac9c-4f6c-9b5c-169c45b56842,tablet device
1044ae4c-b231-415f-891e-b82500b854f7,winter parka coat
23869299-42bf-4f9c-ae7c-c2d3af6c12d1,white sofa couch
7e9896e1-dfb2-49ea-a856-c776a5b7ab59,open textbook desk
e0943f8c-3612-4b5f-871e-b6086d1e57cc,resistance bands
90dbced2-ed0a-4c56-848e-817caf4ec4bc,standing floor fan
07448d64-df5e-426d-9dbd-a7ddad0499e9,wooden dining chairs
01fbdf33-6e02-4708-8d97-9f287afa0cd2,pile of books study
d7598148-747e-463c-a211-26ed00f35a21,small writing desk
9c7fd283-535b-4b7a-aafa-37a32122483c,spiral notebook binder
d6d20e15-a9fd-47a0-af9d-790087f40901,bookshelf shelving unit
878ec06d-98f3-4e5d-82ee-40ce2830d844,wooden bed frame
4481facc-437b-41cb-babe-c9fbe5d7ec58,sneakers shoes
94d1a5d6-3262-4be3-8fa7-50edf3ff87c7,mattress bed frame
9cd108f3-7695-435a-8a73-f70735b94771,walnut wooden desk
55df7fd8-2a62-40e6-9c90-efb4cbd8f77d,college textbook
8aeb47c9-b72b-4166-b4b1-9d648221b401,toaster oven
9ce4002f-5642-44cf-aa66-31884d000610,cardboard moving boxes
05fce59e-5e42-4c27-b717-d2612cdeb3b8,pile of books study
df88ecec-452d-4658-9ba6-f0d2a079507c,coffee table living room
883b5ea8-946f-465d-8564-18d51dd30bad,kitchen utensils
c4721b75-c90e-4427-b0a3-d825a848033f,stack of textbooks
953975ea-03d5-4ebd-8975-007433902e94,mechanical keyboard
18a7cdda-09cc-4384-9d32-c6ac17c4973e,college textbook
c7d5e7a1-ef61-4dcf-aacb-51c499ef9812,shoe rack
efa1c04e-c8f4-40bc-a631-187c2866aaad,pile of books study
d78f8ff7-9394-4aee-8264-b483e288d1be,small dining table
4f319a50-490d-4b65-9274-cea2c69fa191,pile of books study
fd899e7b-af8d-4b38-970e-ad82fa363f50,navy sofa couch
d4223b8b-2b4e-484a-b4ae-f7c663cf37e4,microwave oven
3c878cb8-44ea-459d-b988-a0709d8903c1,stack of textbooks
364a6020-36da-4385-9a92-13135a8261e7,curtains window
253d86d2-dcdd-4c22-86c0-2ec3f282d580,sneakers shoes
6c4f9618-892b-454c-8d95-85fd3a19e7e5,chest of drawers dresser
e0f852f1-2ce2-4efa-b039-144aa5c4f59b,bookshelf shelving unit
4a6aa5f9-4b3e-48cd-9f86-2ace7f0109c5,full length mirror
f312f7e6-9cb6-4174-a2f6-f48251c8c3ba,mattress bedroom
871d21a7-7f5d-4909-9b4e-48172a16e2a8,computer monitor desk
61631241-7a66-46bc-a40c-b21630c905dd,black mesh office chair
385c71e5-d031-4441-bac8-db2c110a5518,open textbook desk
e70143ef-f2b4-424b-9fce-7881d0e6bbf7,air purifier
19a5cd33-40a6-4372-80dc-bdcc16103522,bookshelf shelving unit
5c20b8de-66e4-4cbf-85ac-5bb12cae2393,resistance bands
f8f0e7f5-fe84-4250-aef8-0fe295db79c9,winter boots
ed650eef-11ef-4262-ad66-3e7906798815,yoga mat
e7dd9461-6827-4324-bce3-e59850b72738,coffee table living room
7d780262-effd-4252-a6c8-9186b4bdcef7,stack of textbooks
71a0699f-669a-434e-ac77-c3b9da9705ca,mini fridge
a09b1a16-0d10-4f20-875c-9a0db0fcb551,small dining table
92ed7beb-269b-44ec-b3b2-7f1bbe4f9af6,mattress bedroom
0a63fb2e-0c3d-42d5-938c-1bf98ba36a89,small dining table
40c329fb-aaf5-4eaa-b302-60dd5c289025,college textbook
53e4aa31-da2f-4d79-acd8-f739f53b59e2,small writing desk
74a4949b-eb2d-4ca9-8eaa-73f0b2468cbd,basketball
1d2d8a0e-3402-4b33-9b98-bb7c15aa17c6,pressure cooker instant pot
da03c68a-5395-4ef7-a4c8-c605498dc8d5,espresso coffee machine
97b97280-2ed3-482f-938c-c908ec6c30f0,college textbook
16b6ba87-2498-42e8-87b8-fcf878a61d19,tablet device
d09d0b24-d7a7-4829-8340-46cd7aef7362,computer mouse desk
39499b23-52dd-4a3f-a98c-ff90707e01f6,toaster oven
afc67b98-767d-446e-8d42-611736d8033a,pile of books study
6963e03e-0c3d-456b-b877-2415fb4b84a2,bookshelf shelving unit
7594094c-f845-44a9-b19a-9e8f397c03fc,water filter pitcher
9757ca89-431e-4cf6-a16c-bad72d7b916a,air purifier
d1c3bf74-b3f4-4944-bd5f-4837bdd26009,coffee mugs glasses
af95e016-037a-4f6e-b7df-8dd9773af964,computer mouse desk
00b0ac95-48d8-46e6-94da-8afb193ef822,computer mouse desk
6fa65967-89a8-42ae-bb40-73ee3ed970f7,wool overcoat
aa2d0b51-344d-4f99-bd2a-b6e9e87b0fa9,dinner plates dishes
8e971533-1e53-49f0-b7bd-ba291f333f63,stack of textbooks
17395f03-7677-4ac9-acdd-ba1aa338cb7b,grey sofa couch
2d670fae-18f3-48d8-9fe4-5c82cd9d6289,chest of drawers dresser
acbaf4bc-8d90-45bc-89c3-54bdcfb8ccfc,kitchen blender
14851931-67d6-485d-bb8a-e1d810c79f6d,vacuum cleaner
d8bfe84e-b28e-423e-a581-bd87881f76bf,white wooden desk
19b0dbfe-2da1-4c30-a6e4-fa2e573cc8bd,basketball
18c1a90c-73f9-48c8-a6be-95de31a44272,spiral notebook binder
e6a67d1b-41fe-431e-890e-de3b0aeff9b0,dinner plates dishes
b12c8fe2-904a-4d9e-bde7-22193b311a50,tablet device
66eb10bf-9e0e-4f01-b1ef-3568507620a6,computer monitor desk
821e5960-001a-4b8d-a844-612158355974,mechanical keyboard
1fc4dc96-dd29-49b6-b4b6-c7867fc00c42,hybrid commuter bicycle
baaf9c55-0fff-480b-ba33-2cf2021b108d,winter boots
a8d63efe-320c-4258-9eeb-1e74bf602427,pile of books study
b82ae7b9-cd79-4ed7-ad08-1175a185b1eb,wooden bed frame
60e2dc63-a7eb-4754-b4b0-e55231e92549,birch sofa couch
a321d099-b04f-41cc-a9af-a6f05e5476b7,standing desk office
1f3adbd2-424b-4fdb-afdf-c8ffc81af922,open textbook desk
fffbe930-0158-46ab-a7e2-80ee025b752f,road bicycle
d1e58459-d585-4c10-a7b5-dfc3520872d0,oak sofa couch
592caf90-c696-480b-bac5-48235bdc3226,white desk chair
0c40c6f7-20b4-46c2-9bb7-4b5bc7151a6d,beige desk chair
111f880c-53fa-43a6-9a10-fc3c5f9c44d0,curtains window
75d36f94-12bd-42c1-8709-8dfd3b740da1,college textbook
26aefa7c-12a4-40bd-b4d4-6dca643d81dd,small dining table
bc95a3fe-652b-440a-a2f7-1b4b7fa8d483,small dining table
b8c12eba-9a5d-44d3-a7eb-c069c38f12ed,curtains window
1c30d070-5cb2-4838-8694-6b73fb94c172,chest of drawers dresser
ba31c8de-0309-4ebf-899c-1e78f4ee4729,small dining table
12fc709c-1989-43b2-8f2d-64bea36a6ca6,coffee table living room
f4f3701b-1948-4a8a-bd85-0e20d03b6948,pile of books study
fcea9c2b-7bac-4af9-bfe8-1fa952266156,shoe rack
7f3d82d1-adb7-497f-9958-4f758fb6482f,kitchen blender
c0dc158d-4873-49e4-898d-acb92d646416,curtains window
ac04841d-6858-45e1-9b4f-0eaa11753518,college textbook
a2dec8d1-2e8d-4545-9888-591bc685c27b,hybrid commuter bicycle
e68c7721-b0ac-4f0c-ab9a-34e965a50b0d,mens suit
eb01d994-09ad-4867-8d34-6cacdae70e48,bookshelf shelving unit
f71eb801-135f-41ac-b466-1ab057ace8fe,standing desk office
ea951014-1cb5-4221-9c3d-331beb344f22,bookshelf shelving unit
4fa303eb-428a-4e3a-9d68-fe1aa88480ed,laptop computer
943e9e37-36e3-4ed4-a91c-fa49a231ba1a,wooden bed frame
ef350aca-f92c-414f-a738-a5cc02c2a79e,small dining table
2ec7ca2f-12d8-4299-8d28-48b3b549d317,mens suit
63e5d4c1-f7cf-4bd7-80f2-5b83231454f7,spiral notebook binder
bd91972f-0869-4d8f-902a-d86da679af58,wooden dining chairs
40783062-8dee-4f71-8dc6-12ae8057c80d,wool scarf gloves
51a0dc9b-5f52-4f4f-b197-b6f81c97dd2c,open textbook desk
3ad50160-edda-41de-bc60-f1973c10857c,usb cables charger
5bdef1b7-ccf7-4436-9840-7d75ec3354f2,wooden bed frame
a4395fa6-99b8-45dd-aa48-2bb8e331120e,spiral notebook binder
057e06d7-1b12-4c14-b161-39cab9930a23,bicycle pump
206e2ccf-1a55-4d0f-8676-0308625fc792,clothes drying rack
2ea20817-7259-4f7e-baa0-e90e383eced6,cast iron skillet
71c2746c-6305-4064-8206-d485ac8a789c,wool scarf gloves
4591aeeb-27a6-45fa-a281-5a7d696d266a,espresso coffee machine
71694a6c-c7c6-4fe6-97ff-8d4796bcc20d,pile of books study
9c22ba16-b7d7-4e07-8cc2-31f9a1e9f638,electric kettle
81da6073-3278-480b-b86f-50eee25b9b7b,open textbook desk
436da10d-1a4e-4afc-9565-e2629ede9bcf,computer monitor desk
3b5fb111-6234-471f-9520-fc7b42c6d425,air purifier
46ea777a-c2ce-4f54-bb5a-21bab386d3db,mattress bed frame
86d64af8-b384-49a8-b123-0c3aed9540d1,white desk chair
c149ed63-25d1-476b-a65c-f907f915483d,walnut desk chair
70d569d9-5d20-47fe-8a2a-335065ac3154,laptop computer
0d03b19e-9d47-4fce-846e-e4210fbab763,ski jacket poles
635cf8f9-c92a-4f45-b0d5-71868a6a6900,mattress bedroom
40f7f203-dc2f-4e39-9290-19ec307b3707,laptop computer
fe3cde67-7bcd-4d4f-94c8-136616d61d45,mens suit
4d6d2a3a-c9c5-4c7e-a104-c3c18155c0a8,pile of books study
adbb7ce6-7e48-47db-9644-5ea796bf7220,wooden bed frame
29d5ed71-a30d-43c8-8dcf-7811f96eb3ae,small dining table
ecc81d3a-f49b-4816-846c-94287f8b8638,wooden dining chairs
6279902e-16f6-4def-b1fa-26cf08812d63,mattress bed frame
75cefd0a-78d9-4398-89fa-8211e7783121,computer monitor desk
a034f0d7-58a0-4625-ba1a-795af5867eff,spiral notebook binder
2d58dbda-3b3c-4bfa-b9db-8864dc8c08a7,pile of books study
1b9647bc-9144-40fe-a9dc-57775d37b277,college textbook
f48a32a7-ac98-4259-b46f-dab0593b7987,rain jacket
36afe755-b32a-4fdc-abf3-83bd93df0627,usb cables charger
00256959-4f01-48f9-8ca3-42f895b84e27,stack of textbooks
7d8145f0-56c9-4a98-a6ed-b4ea0516ad87,spiral notebook binder
4d3c356b-59ee-4e6e-a324-327492769592,wooden bed frame
c517d64f-58c6-40f6-921d-26564922a280,spiral notebook binder
476c94d2-1249-4c40-9093-0c83f757f1b9,laptop computer
30653cec-e6ca-4b5d-84e5-378b70a97f65,rice cooker
86827b72-569a-44fe-ae48-d5a5fac45523,small dining table
2f9cc3e5-f65b-4b5e-95e3-ce7a71b31075,stack of textbooks
ebde7d52-e3b3-4fea-925c-82be1a44f76d,resistance bands
3c90bfa2-2e44-4bfa-9379-96da14976838,e-reader ebook
b93af04e-ea1d-42f9-b131-1bb8bc82e165,chest of drawers dresser
f95a32fc-36e4-47f9-9fac-6dd2577d3c9a,rain jacket
cfe33713-7c33-4ac5-9d15-95e76645c422,tablet device
0aac7aa5-0da1-4271-92c0-92b31cb468c7,mattress bed frame
a4ec4e57-accc-4fc4-8da6-bd22a8170fa5,tablet device
2cd0ef45-8fe2-435b-834c-cc7a13769d3b,pots and pans cookware
724ee3a8-ad79-421e-874f-370ae48a7a4d,wool overcoat
37005b60-5240-4332-8570-fd2539e4cb23,standing desk office
1aa639da-80da-44a3-abc8-154ea268413e,laptop computer
89df24b8-71c0-48b5-b41f-d005f06db668,over ear headphones
5b65d7d7-c4ac-42b4-a74d-3acc589e1bd0,small dining table
e1d25ff2-cf93-4f53-a140-f3377dc5b4af,computer mouse desk
ae9296d4-3162-4cef-8c29-f031c57c77aa,clothes rack hangers
bb53ca0c-085c-4b5f-bf6c-db5867335811,sneakers shoes
14c10fe7-c88a-461a-8592-cb38ad6e65e5,spiral notebook binder
8dadf43b-c4ca-4ca3-9d38-e85a4b734759,electric kettle
0ad291e9-0907-4dca-95b4-4ded62904c6a,computer monitor desk
24a85409-f4ff-4432-b74f-3132c09d2429,tennis racket
6e33dcfd-08a2-475b-9820-77fa776a5cbd,coffee table living room
cb050302-5e40-4b9f-af07-18e8858a48ba,computer mouse desk
bd233daa-84a5-44bf-8efe-f8e95f3b1ce0,clothes rack hangers
0850e33f-3665-4a3a-82ed-6f0539b2223a,toaster oven
2fe15b68-e907-405f-8b32-3b4bd0a10b4f,wool overcoat
8f5a329e-a669-421a-a064-d276837e6c0a,shopping trolley cart
3c8126b2-8a13-47b9-8cf1-d1404435b80b,mattress bedroom
cb9b4a4c-5d3c-4983-92d0-15c6ee59277b,stack of textbooks
aea912ac-ab43-43ca-9dd7-dbdfb7d304d3,laptop computer
3b3d88c2-fe47-41ef-9ab6-a42629cdec74,espresso coffee machine
70053080-b076-45f9-8f35-efb51c326f78,usb cables charger
589d3011-fa2c-4d9d-bf05-1766527ad9f6,shopping trolley cart
b6ff4b3e-b0e9-44bd-a414-074574b6b89a,coffee table living room
8baeca70-ba40-4710-8895-34b82b846602,stack of textbooks
b0c48a01-cf72-40e9-93b7-871fea49c92c,e-reader ebook
1481c35c-3d93-4c04-ab02-de8845964133,wooden bed frame
009dce30-1450-4e91-86e2-d2858e359d96,bookshelf shelving unit
47ad2a81-ff17-48b8-a21a-9e7c13cf1d04,resistance bands
948c6c62-92e3-484f-ae98-884e7e18cf88,bookshelf shelving unit
0626e1cd-5607-417f-890c-9e2e96720e78,resistance bands
622ccf40-4ecf-40b9-bccd-60948690f347,resistance bands
930d0da2-7349-46de-885a-198ebd38b858,wool scarf gloves
9dadb395-34df-46de-a0cd-65cd058ac1f2,pile of books study
5618bd34-9400-42fa-ac86-042da11ec770,open textbook desk
e7fdf802-4536-4d7a-b244-ea0732326626,small writing desk
5cb4c3ac-321a-420a-b561-c2d26e880bb1,vacuum cleaner
9279c9c7-c408-4262-9511-f88e580fa880,e-reader ebook
844564e8-e437-4170-a047-086c7f025708,birch wooden desk
ae879405-7071-4005-b042-36016f41c5ab,mattress bed frame
65c34bfd-cacc-4e81-ba0f-2c7c1a795b71,standing desk office
31af507d-988a-4c59-8c9b-bfa9fd28b738,spiral notebook binder
e43876b7-20ed-4072-bc75-b0ec32ef5429,kitchen blender
bfe1ac04-0d07-48f1-bd9a-3c96c2fdd743,pressure cooker instant pot
a3b6824a-7fee-4cb0-a0d9-8d07ca11995a,wooden bed frame
3b55bbfd-ec51-49eb-9fa4-666ffc84248b,college textbook
34b4dc0c-80a6-401a-ac23-110ecc3b3fe7,small writing desk
9ba76334-da49-43bf-81be-65c2ccf77495,toaster oven
b5911d66-9c7b-4833-9958-c5869afb7122,wool overcoat
56e310be-5218-431b-8b15-874baefee5c0,wool scarf gloves
d0705c6d-1e02-4ae7-b247-95d98dfe7a55,open textbook desk
96926585-1d3a-4d05-a441-e7fe7cc6b2cd,pots and pans cookware
193b865d-5c5e-46ae-984c-278f633e9878,air purifier
9ddcbe3a-1337-4daf-ba0b-6d5aa4afa795,wooden dining chairs
24b0b648-5360-47ce-a5ed-818ad19e5f3b,spiral notebook binder
f1bd29ff-047e-4539-aac4-6ff1ecf01a11,shopping trolley cart
1d4242b8-fd28-4ade-969a-3759dcd6d78b,vacuum cleaner
7c0a16a7-58ef-4cd8-a6fe-e2b9a6ca0628,college textbook
34ecda05-c775-4ea9-aebf-e5ea4ad9cc81,stack of textbooks
7ec23abe-dbaf-404d-bc4a-8c20f18bcda2,birch wooden desk
3bab00fa-8598-40d1-9b93-13382c7d1b19,open textbook desk
ee8f71a6-970f-4da4-bebf-eada80451cc0,chest of drawers dresser
a7fdfa4d-e303-4c34-9103-fd179538e582,rollerblades skates
7f7f1448-33dc-4361-ae54-54e70588eebd,pile of books study
eac2034f-9a0f-4f52-908c-67e4aac572f0,cast iron skillet
5cad2a18-525a-4d22-b132-b56b02929b05,mechanical keyboard
5cbd8ea8-2b9d-4d7c-88eb-1ccf468fdb0f,mini fridge
fa0298d1-4f5e-47ff-9a76-5a0133ce1b6f,pile of books study
59ae0803-1b31-4412-b740-901504658cb6,wool scarf gloves
e1b27c7e-06eb-4062-b60b-203bd8931b35,small writing desk
5af3b4d7-8eda-46c2-ba32-d081cca3ff07,microwave oven
86f18843-d414-4ca1-8b8f-80960044d476,rain jacket
d71059a3-9791-4f41-87e6-53a153330cf1,laptop computer
2367aae8-52cc-4453-87ca-75d88aff4983,rain jacket
aeeca8cc-ae0b-4cbb-830f-85679d427f7c,electric scooter
e04760f6-7e85-4b36-9abf-59d709abf799,shoe rack
ecbdb27e-a7a1-42d7-8970-e2c43e2e8368,mens suit
e82457a8-c1a3-4a08-b9c9-4d6c611a4cf6,pile of books study
d39ccb6d-2e10-4d94-b5f6-23d5d8e5f222,spiral notebook binder
705ba1f6-c3b1-4b16-915c-fb65e1931e43,standing floor fan
0769b6af-0fe9-47b7-815e-069033ac029d,electric scooter
ab961fed-00f0-473e-abf5-a421bd49331a,road bicycle
eeb9999d-c4e0-4136-90ec-37b27e7dcf57,stack of textbooks
50a8c213-2309-4453-96e2-ca28e0fbaaf2,e-reader ebook
36dabac1-a34a-45ae-94dc-ec62e41a9039,mens suit
835932d2-29cf-4d00-9f28-1fd3e910b483,pile of books study
f72f8a4f-c40f-415c-b2ba-fd0265cec3fc,rain jacket
f6bd6334-b13b-4eb5-abbd-d5cd2cfd3e65,over ear headphones
7e1f4e97-3c6c-4e2b-b5cb-2d39545cabd3,computer mouse desk
aed83032-9435-4713-8b3e-923a2a1314b8,white sofa couch
5830eb49-6bda-4ee7-91e3-7171150e174c,rollerblades skates
5503aa81-c206-4252-a4ae-a0bd14a89f12,small dining table
e90f377b-baa3-48fc-a05a-8f26abff1099,e-reader ebook
